timestamp,uptime_min,interval_s,rtcm_frame_rate_fps,valid_frames_interval,parsed_frames_interval,bad_crc_interval,crc_error_percent_interval,message_types_interval,serial_input_Bps,client_output_Bps,client_count,peak_client_count,total_valid_frames,total_bad_crc,total_client_bytes,station,svin
2026-07-08 09:47:17,0.019,1.119,8.043,9,9,0,0.000,"1074:1, 1077:1, 1084:1, 1087:1, 1094:1, 1097:1, 1124:1, 1127:1, 1230:1",3057.1,0.0,0,0,9,0,0,NO_1005_1006,SURVEYING dur=971s obs=948 acc=1.1134m valid=0 active=1 age=0.2s
2026-07-08 09:47:18,0.036,1.018,8.837,9,9,0,0.000,"1074:1, 1077:1, 1084:1, 1087:1, 1094:1, 1097:1, 1124:1, 1127:1, 1230:1",3360.8,0.0,0,0,18,0,0,NO_1005_1006,SURVEYING dur=972s obs=949 acc=1.1127m valid=0 active=1 age=0.2s
2026-07-08 09:47:19,0.055,1.188,7.577,9,9,0,0.000,"1074:1, 1077:1, 1084:1, 1087:1, 1094:1, 1097:1, 1124:1, 1127:1, 1230:1",2881.9,0.0,0,0,27,0,0,NO_1005_1006,SURVEYING dur=973s obs=950 acc=1.1120m valid=0 active=1 age=0.4s
2026-07-08 09:47:20,0.075,1.200,7.499,9,9,0,0.000,"1074:1, 1077:1, 1084:1, 1087:1, 1094:1, 1097:1, 1124:1, 1127:1, 1230:1",2852.3,0.0,0,0,36,0,0,NO_1005_1006,SURVEYING dur=974s obs=951 acc=1.1113m valid=0 active=1 age=0.6s
2026-07-08 09:47:21,0.092,1.001,8.988,9,9,0,0.000,"1074:1, 1077:1, 1084:1, 1087:1, 1094:1, 1097:1, 1124:1, 1127:1, 1230:1",3378.7,0.0,0,0,45,0,0,NO_1005_1006,SURVEYING dur=975s obs=952 acc=1.1106m valid=0 active=1 age=0.6s
2026-07-08 09:47:22,0.109,1.007,8.933,9,9,0,0.000,"1074:1, 1077:1, 1084:1, 1087:1, 1094:1, 1097:1, 1124:1, 1127:1, 1230:1",3357.8,0.0,0,0,54,0,0,NO_1005_1006,SURVEYING dur=976s obs=953 acc=1.1099m valid=0 active=1 age=0.6s
2026-07-08 09:47:24,0.128,1.119,13.407,15,15,0,0.000,"1074:2, 1077:2, 1084:2, 1087:2, 1094:2, 1097:2, 1124:1, 1127:1, 1230:1",3939.0,0.0,0,0,69,0,0,NO_1005_1006,SURVEYING dur=977s obs=954 acc=1.1092m valid=0 active=1 age=0.7s
2026-07-08 09:47:25,0.146,1.095,10.962,12,12,0,0.000,"1074:1, 1077:1, 1084:1, 1087:1, 1094:1, 1097:1, 1124:2, 1127:2, 1230:2",4025.8,0.0,0,0,81,0,0,NO_1005_1006,SURVEYING dur=978s obs=955 acc=1.1085m valid=0 active=1 age=0.8s
2026-07-08 09:47:26,0.163,1.004,3.982,4,5,1,20.000,"1097:1, 1124:1, 1127:1, 1230:1",3422.8,0.0,0,0,85,1,0,NO_1005_1006,SURVEYING dur=979s obs=956 acc=1.1078m valid=0 active=1 age=0.8s
2026-07-08 09:47:27,0.182,1.192,7.553,9,9,0,0.000,"1074:1, 1077:1, 1084:1, 1087:1, 1094:1, 1097:1, 1124:1, 1127:1, 1230:1",4052.0,0.0,0,0,94,1,0,NO_1005_1006,SURVEYING dur=981s obs=958 acc=1.1064m valid=0 active=1 age=0.0s
2026-07-08 09:47:28,0.199,1.003,8.976,9,9,0,0.000,"1074:1, 1077:1, 1084:1, 1087:1, 1094:1, 1097:1, 1124:1, 1127:1, 1230:1",3389.1,0.0,0,0,103,1,0,NO_1005_1006,SURVEYING dur=982s obs=959 acc=1.1056m valid=0 active=1 age=0.0s
2026-07-08 09:47:29,0.219,1.170,7.695,9,9,0,0.000,"1074:1, 1077:1, 1084:1, 1087:1, 1094:1, 1097:1, 1124:1, 1127:1, 1230:1",2905.3,0.0,0,0,112,1,0,NO_1005_1006,SURVEYING dur=983s obs=960 acc=1.1049m valid=0 active=1 age=0.2s
2026-07-08 09:47:30,0.235,1.011,8.903,9,9,0,0.000,"1074:1, 1077:1, 1084:1, 1087:1, 1094:1, 1097:1, 1124:1, 1127:1, 1230:1",3361.5,0.0,0,0,121,1,0,NO_1005_1006,SURVEYING dur=984s obs=961 acc=1.1042m valid=0 active=1 age=0.2s
2026-07-08 09:47:31,0.255,1.198,7.511,9,9,0,0.000,"1074:1, 1077:1, 1084:1, 1087:1, 1094:1, 1097:1, 1124:1, 1127:1, 1230:1",2835.8,0.0,0,0,130,1,0,NO_1005_1006,SURVEYING dur=985s obs=962 acc=1.1035m valid=0 active=1 age=0.4s
2026-07-08 09:47:32,0.273,1.047,8.595,9,9,0,0.000,"1074:1, 1077:1, 1084:1, 1087:1, 1094:1, 1097:1, 1124:1, 1127:1, 1230:1",3245.2,0.0,0,0,139,1,0,NO_1005_1006,SURVEYING dur=986s obs=963 acc=1.1028m valid=0 active=1 age=0.4s
2026-07-08 09:47:33,0.293,1.190,7.565,9,9,0,0.000,"1074:1, 1077:1, 1084:1, 1087:1, 1094:1, 1097:1, 1124:1, 1127:1, 1230:1",2856.1,0.0,0,0,148,1,0,NO_1005_1006,SURVEYING dur=987s obs=964 acc=1.1021m valid=0 active=1 age=0.6s
2026-07-08 09:47:35,0.311,1.091,13.748,15,15,0,0.000,"1074:2, 1077:2, 1084:2, 1087:2, 1094:2, 1097:2, 1124:1, 1127:1, 1230:1",4042.8,0.0,0,0,163,1,0,NO_1005_1006,SURVEYING dur=988s obs=965 acc=1.1014m valid=0 active=1 age=0.7s
2026-07-08 09:47:36,0.328,1.001,8.993,9,9,0,0.000,"1074:1, 1077:1, 1084:1, 1087:1, 1094:1, 1097:1, 1124:1, 1127:1, 1230:1",3338.5,0.0,0,0,172,1,0,NO_1005_1006,SURVEYING dur=989s obs=966 acc=1.1007m valid=0 active=1 age=0.7s
2026-07-08 09:47:37,0.344,1.004,8.962,9,9,0,0.000,"1074:1, 1077:1, 1084:1, 1087:1, 1094:1, 1097:1, 1124:1, 1127:1, 1230:1",3325.0,0.0,0,0,181,1,0,NO_1005_1006,SURVEYING dur=990s obs=967 acc=1.1000m valid=0 active=1 age=0.7s
2026-07-08 09:47:38,0.362,1.071,11.203,12,12,0,0.000,"1074:1, 1077:1, 1084:1, 1087:1, 1094:1, 1097:1, 1124:2, 1127:2, 1230:2",4085.4,0.0,0,0,193,1,0,NO_1005_1006,SURVEYING dur=991s obs=968 acc=1.0993m valid=0 active=1 age=0.8s
2026-07-08 09:47:39,0.382,1.188,7.578,9,10,1,10.000,"1074:1, 1077:1, 1084:1, 1087:1, 1094:1, 1097:1, 1124:1, 1127:1, 1230:1",3898.4,0.0,0,0,202,2,0,NO_1005_1006,SURVEYING dur=993s obs=970 acc=1.0979m valid=0 active=1 age=0.0s
2026-07-08 09:47:40,0.399,1.006,8.944,9,9,0,0.000,"1074:1, 1077:1, 1084:1, 1087:1, 1094:1, 1097:1, 1124:1, 1127:1, 1230:1",3318.2,0.0,0,0,211,2,0,NO_1005_1006,SURVEYING dur=994s obs=971 acc=1.0972m valid=0 active=1 age=0.0s
2026-07-08 09:47:41,0.419,1.191,7.556,9,9,0,0.000,"1074:1, 1077:1, 1084:1, 1087:1, 1094:1, 1097:1, 1124:1, 1127:1, 1230:1",2835.2,0.0,0,0,220,2,0,NO_1005_1006,SURVEYING dur=995s obs=972 acc=1.0964m valid=0 active=1 age=0.2s
2026-07-08 09:47:42,0.435,1.010,8.914,9,9,0,0.000,"1074:1, 1077:1, 1084:1, 1087:1, 1094:1, 1097:1, 1124:1, 1127:1, 1230:1",3344.9,0.0,0,0,229,2,0,NO_1005_1006,SURVEYING dur=996s obs=973 acc=1.0957m valid=0 active=1 age=0.2s
2026-07-08 09:47:43,0.455,1.190,7.564,9,9,0,0.000,"1074:1, 1077:1, 1084:1, 1087:1, 1094:1, 1097:1, 1124:1, 1127:1, 1230:1",2871.0,0.0,0,0,238,2,0,NO_1005_1006,SURVEYING dur=997s obs=974 acc=1.0950m valid=0 active=1 age=0.4s
2026-07-08 09:47:44,0.475,1.200,7.501,9,9,0,0.000,"1074:1, 1077:1, 1084:1, 1087:1, 1094:1, 1097:1, 1124:1, 1127:1, 1230:1",2846.9,0.0,0,0,247,2,0,NO_1005_1006,SURVEYING dur=998s obs=975 acc=1.0943m valid=0 active=1 age=0.6s
2026-07-08 09:47:45,0.492,1.003,8.977,9,9,0,0.000,"1074:1, 1077:1, 1084:1, 1087:1, 1094:1, 1097:1, 1124:1, 1127:1, 1230:1",3407.3,0.0,0,0,256,2,0,NO_1005_1006,SURVEYING dur=999s obs=976 acc=1.0936m valid=0 active=1 age=0.6s
2026-07-08 09:47:46,0.509,1.019,8.831,9,9,0,0.000,"1074:1, 1077:1, 1084:1, 1087:1, 1094:1, 1097:1, 1124:1, 1127:1, 1230:1",3351.7,0.0,0,0,265,2,0,NO_1005_1006,SURVEYING dur=1000s obs=977 acc=1.0929m valid=0 active=1 age=0.6s
2026-07-08 09:47:48,0.528,1.121,12.493,14,14,0,0.000,"1074:2, 1077:2, 1084:2, 1087:2, 1094:2, 1097:1, 1124:1, 1127:1, 1230:1",3962.2,0.0,0,0,279,2,0,NO_1005_1006,SURVEYING dur=1001s obs=978 acc=1.0922m valid=0 active=1 age=0.7s
2026-07-08 09:47:49,0.545,1.058,10.401,11,12,1,8.333,"1084:1, 1087:1, 1094:1, 1097:2, 1124:2, 1127:2, 1230:2",4198.2,0.0,0,0,290,3,0,NO_1005_1006,SURVEYING dur=1002s obs=979 acc=1.0915m valid=0 active=1 age=0.8s
2026-07-08 09:47:50,0.562,1.015,8.867,9,9,0,0.000,"1074:1, 1077:1, 1084:1, 1087:1, 1094:1, 1097:1, 1124:1, 1127:1, 1230:1",3326.2,0.0,0,0,299,3,0,NO_1005_1006,SURVEYING dur=1003s obs=980 acc=1.0908m valid=0 active=1 age=0.8s
2026-07-08 09:47:51,0.582,1.197,7.519,9,9,0,0.000,"1074:1, 1077:1, 1084:1, 1087:1, 1094:1, 1097:1, 1124:1, 1127:1, 1230:1",3929.8,0.0,0,0,308,3,0,NO_1005_1006,SURVEYING dur=1005s obs=982 acc=1.0893m valid=0 active=1 age=0.0s
2026-07-08 09:47:52,0.602,1.198,3.338,4,6,2,33.333,"1097:1, 1124:1, 1127:1, 1230:1",2815.4,0.0,0,0,312,5,0,NO_1005_1006,SURVEYING dur=1006s obs=983 acc=1.0886m valid=0 active=1 age=0.2s
2026-07-08 09:47:53,0.619,1.002,0.000,0,2,2,100.000,none,3367.6,0.0,0,0,312,7,0,NO_1005_1006,SURVEYING dur=1007s obs=984 acc=1.0879m valid=0 active=1 age=0.2s
2026-07-08 09:47:54,0.639,1.198,7.511,9,9,0,0.000,"1074:1, 1077:1, 1084:1, 1087:1, 1094:1, 1097:1, 1124:1, 1127:1, 1230:1",2835.8,0.0,0,0,321,7,0,NO_1005_1006,SURVEYING dur=1008s obs=985 acc=1.0872m valid=0 active=1 age=0.4s
2026-07-08 09:47:55,0.659,1.191,7.558,9,9,0,0.000,"1074:1, 1077:1, 1084:1, 1087:1, 1094:1, 1097:1, 1124:1, 1127:1, 1230:1",2853.4,0.0,0,0,330,7,0,NO_1005_1006,SURVEYING dur=1009s obs=986 acc=1.0865m valid=0 active=1 age=0.6s
2026-07-08 09:47:56,0.675,1.008,8.929,9,9,0,0.000,"1074:1, 1077:1, 1084:1, 1087:1, 1094:1, 1097:1, 1124:1, 1127:1, 1230:1",3371.2,0.0,0,0,339,7,0,NO_1005_1006,SURVEYING dur=1010s obs=987 acc=1.0858m valid=0 active=1 age=0.6s
2026-07-08 09:47:58,0.694,1.129,7.975,9,10,1,10.000,"1074:1, 1077:1, 1084:1, 1087:1, 1094:1, 1097:1, 1124:1, 1127:1, 1230:1",3929.9,0.0,0,0,348,8,0,NO_1005_1006,SURVEYING dur=1011s obs=988 acc=1.0851m valid=0 active=1 age=0.7s
2026-07-08 09:47:59,0.711,1.001,8.988,9,9,0,0.000,"1074:1, 1077:1, 1084:1, 1087:1, 1094:1, 1097:1, 1124:1, 1127:1, 1230:1",3367.4,0.0,0,0,357,8,0,NO_1005_1006,SURVEYING dur=1012s obs=989 acc=1.0844m valid=0 active=1 age=0.7s
2026-07-08 09:48:00,0.728,1.001,8.994,9,9,0,0.000,"1074:1, 1077:1, 1084:1, 1087:1, 1094:1, 1097:1, 1124:1, 1127:1, 1230:1",3369.9,0.0,0,0,366,8,0,NO_1005_1006,SURVEYING dur=1013s obs=990 acc=1.0837m valid=0 active=1 age=0.7s
2026-07-08 09:48:01,0.744,1.001,8.987,9,9,0,0.000,"1074:1, 1077:1, 1084:1, 1087:1, 1094:1, 1097:1, 1124:1, 1127:1, 1230:1",3389.1,0.0,0,0,375,8,0,NO_1005_1006,SURVEYING dur=1014s obs=991 acc=1.0829m valid=0 active=1 age=0.7s
2026-07-08 09:48:02,0.761,1.002,8.979,9,9,0,0.000,"1074:1, 1077:1, 1084:1, 1087:1, 1094:1, 1097:1, 1124:1, 1127:1, 1230:1",3386.0,0.0,0,0,384,8,0,NO_1005_1006,SURVEYING dur=1015s obs=992 acc=1.0822m valid=0 active=1 age=0.7s
2026-07-08 09:48:03,0.778,1.003,8.976,9,9,0,0.000,"1074:1, 1077:1, 1084:1, 1087:1, 1094:1, 1097:1, 1124:1, 1127:1, 1230:1",3384.9,0.0,0,0,393,8,0,NO_1005_1006,SURVEYING dur=1016s obs=993 acc=1.0815m valid=0 active=1 age=0.7s
2026-07-08 09:48:04,0.795,1.060,11.320,12,12,0,0.000,"1074:1, 1077:1, 1084:1, 1087:1, 1094:1, 1097:1, 1124:2, 1127:2, 1230:2",4167.6,0.0,0,0,405,8,0,NO_1005_1006,SURVEYING dur=1017s obs=994 acc=1.0808m valid=0 active=1 age=0.8s
2026-07-08 09:48:05,0.812,1.000,8.999,9,9,0,0.000,"1074:1, 1077:1, 1084:1, 1087:1, 1094:1, 1097:1, 1124:1, 1127:1, 1230:1",4465.6,0.0,0,0,414,8,0,NO_1005_1006,SURVEYING dur=1018s obs=995 acc=1.0801m valid=0 active=1 age=0.8s
2026-07-08 09:48:06,0.829,1.038,8.675,9,9,0,0.000,"1074:1, 1077:1, 1084:1, 1087:1, 1094:1, 1097:1, 1124:1, 1127:1, 1230:1",2315.1,0.0,0,0,423,8,0,NO_1005_1006,SURVEYING dur=1019s obs=996 acc=1.0794m valid=0 active=1 age=0.8s
2026-07-08 09:48:07,0.846,1.005,8.959,9,9,0,0.000,"1074:1, 1077:1, 1084:1, 1087:1, 1094:1, 1097:1, 1124:1, 1127:1, 1230:1",3423.5,0.0,0,0,432,8,0,NO_1005_1006,SURVEYING dur=1020s obs=997 acc=1.0787m valid=0 active=1 age=0.8s
2026-07-08 09:48:08,0.866,1.201,7.497,9,9,0,0.000,"1074:1, 1077:1, 1084:1, 1087:1, 1094:1, 1097:1, 1124:1, 1127:1, 1230:1",4012.5,0.0,0,0,441,8,0,NO_1005_1006,SURVEYING dur=1022s obs=999 acc=1.0773m valid=0 active=1 age=0.0s
2026-07-08 09:48:09,0.883,1.001,8.991,9,9,0,0.000,"1074:1, 1077:1, 1084:1, 1087:1, 1094:1, 1097:1, 1124:1, 1127:1, 1230:1",3422.6,0.0,0,0,450,8,0,NO_1005_1006,SURVEYING dur=1023s obs=1000 acc=1.0766m valid=0 active=1 age=0.0s
2026-07-08 09:48:10,0.903,1.195,7.533,9,9,0,0.000,"1074:1, 1077:1, 1084:1, 1087:1, 1094:1, 1097:1, 1124:1, 1127:1, 1230:1",2834.2,0.0,0,0,459,8,0,NO_1005_1006,SURVEYING dur=1024s obs=1001 acc=1.0758m valid=0 active=1 age=0.2s
2026-07-08 09:48:11,0.923,1.194,7.540,9,9,0,0.000,"1074:1, 1077:1, 1084:1, 1087:1, 1094:1, 1097:1, 1124:1, 1127:1, 1230:1",2836.7,0.0,0,0,468,8,0,NO_1005_1006,SURVEYING dur=1025s obs=1002 acc=1.0751m valid=0 active=1 age=0.4s
2026-07-08 09:48:12,0.939,1.010,8.912,9,9,0,0.000,"1074:1, 1077:1, 1084:1, 1087:1, 1094:1, 1097:1, 1124:1, 1127:1, 1230:1",3352.9,0.0,0,0,477,8,0,NO_1005_1006,SURVEYING dur=1026s obs=1003 acc=1.0744m valid=0 active=1 age=0.4s
2026-07-08 09:48:13,0.959,1.189,7.570,9,9,0,0.000,"1074:1, 1077:1, 1084:1, 1087:1, 1094:1, 1097:1, 1124:1, 1127:1, 1230:1",2880.1,0.0,0,0,486,8,0,NO_1005_1006,SURVEYING dur=1027s obs=1004 acc=1.0737m valid=0 active=1 age=0.6s
2026-07-08 09:48:14,0.976,1.009,8.924,9,9,0,0.000,"1074:1, 1077:1, 1084:1, 1087:1, 1094:1, 1097:1, 1124:1, 1127:1, 1230:1",3433.8,0.0,0,0,495,8,0,NO_1005_1006,SURVEYING dur=1028s obs=1005 acc=1.0730m valid=0 active=1 age=0.6s
2026-07-08 09:48:16,0.994,1.096,13.687,15,15,0,0.000,"1074:2, 1077:2, 1084:2, 1087:2, 1094:2, 1097:2, 1124:1, 1127:1, 1230:1",4094.4,0.0,0,0,510,8,0,NO_1005_1006,SURVEYING dur=1029s obs=1006 acc=1.0723m valid=0 active=1 age=0.7s
2026-07-08 09:48:17,1.013,1.096,10.951,12,12,0,0.000,"1074:1, 1077:1, 1084:1, 1087:1, 1094:1, 1097:1, 1124:2, 1127:2, 1230:2",4074.7,0.0,0,0,522,8,0,NO_1005_1006,SURVEYING dur=1030s obs=1007 acc=1.0716m valid=0 active=1 age=0.8s
2026-07-08 09:48:18,1.029,1.016,8.857,9,9,0,0.000,"1074:1, 1077:1, 1084:1, 1087:1, 1094:1, 1097:1, 1124:1, 1127:1, 1230:1",3399.2,0.0,0,0,531,8,0,NO_1005_1006,SURVEYING dur=1031s obs=1008 acc=1.0709m valid=0 active=1 age=0.8s
2026-07-08 09:48:19,1.049,1.191,7.557,9,9,0,0.000,"1074:1, 1077:1, 1084:1, 1087:1, 1094:1, 1097:1, 1124:1, 1127:1, 1230:1",4084.3,0.0,0,0,540,8,0,NO_1005_1006,SURVEYING dur=1033s obs=1010 acc=1.0695m valid=0 active=1 age=0.0s
2026-07-08 09:48:20,1.066,1.013,8.882,9,9,0,0.000,"1074:1, 1077:1, 1084:1, 1087:1, 1094:1, 1097:1, 1124:1, 1127:1, 1230:1",3372.1,0.0,0,0,549,8,0,NO_1005_1006,SURVEYING dur=1034s obs=1011 acc=1.0688m valid=0 active=1 age=0.0s
2026-07-08 09:48:21,1.086,1.193,7.547,9,9,0,0.000,"1074:1, 1077:1, 1084:1, 1087:1, 1094:1, 1097:1, 1124:1, 1127:1, 1230:1",2865.2,0.0,0,0,558,8,0,NO_1005_1006,SURVEYING dur=1035s obs=1012 acc=1.0681m valid=0 active=1 age=0.2s
2026-07-08 09:48:22,1.106,1.175,7.657,9,9,0,0.000,"1074:1, 1077:1, 1084:1, 1087:1, 1094:1, 1097:1, 1124:1, 1127:1, 1230:1",2905.6,0.0,0,0,567,8,0,NO_1005_1006,SURVEYING dur=1036s obs=1013 acc=1.0675m valid=0 active=1 age=0.4s
2026-07-08 09:48:23,1.126,1.190,7.565,9,9,0,0.000,"1074:1, 1077:1, 1084:1, 1087:1, 1094:1, 1097:1, 1124:1, 1127:1, 1230:1",2904.2,0.0,0,0,576,8,0,NO_1005_1006,SURVEYING dur=1037s obs=1014 acc=1.0668m valid=0 active=1 age=0.6s
2026-07-08 09:48:24,1.142,1.005,8.954,9,9,0,0.000,"1074:1, 1077:1, 1084:1, 1087:1, 1094:1, 1097:1, 1124:1, 1127:1, 1230:1",3437.4,0.0,0,0,585,8,0,NO_1005_1006,SURVEYING dur=1038s obs=1015 acc=1.0661m valid=0 active=1 age=0.6s
2026-07-08 09:48:26,1.161,1.121,13.385,15,15,0,0.000,"1074:2, 1077:2, 1084:2, 1087:2, 1094:2, 1097:2, 1124:1, 1127:1, 1230:1",3980.7,0.0,0,0,600,8,0,NO_1005_1006,SURVEYING dur=1039s obs=1016 acc=1.0654m valid=0 active=1 age=0.7s
2026-07-08 09:48:27,1.178,1.001,8.992,9,9,0,0.000,"1074:1, 1077:1, 1084:1, 1087:1, 1094:1, 1097:1, 1124:1, 1127:1, 1230:1",3433.9,0.0,0,0,609,8,0,NO_1005_1006,SURVEYING dur=1040s obs=1017 acc=1.0647m valid=0 active=1 age=0.7s
2026-07-08 09:48:28,1.196,1.102,10.891,12,12,0,0.000,"1074:1, 1077:1, 1084:1, 1087:1, 1094:1, 1097:1, 1124:2, 1127:2, 1230:2",4048.6,0.0,0,0,621,8,0,NO_1005_1006,SURVEYING dur=1041s obs=1018 acc=1.0640m valid=0 active=1 age=0.8s
2026-07-08 09:48:29,1.215,1.160,7.759,9,9,0,0.000,"1074:1, 1077:1, 1084:1, 1087:1, 1094:1, 1097:1, 1124:1, 1127:1, 1230:1",4149.1,0.0,0,0,630,8,0,NO_1005_1006,SURVEYING dur=1043s obs=1020 acc=1.0626m valid=0 active=1 age=0.0s
2026-07-08 09:48:30,1.232,1.008,8.927,9,9,0,0.000,"1074:1, 1077:1, 1084:1, 1087:1, 1094:1, 1097:1, 1124:1, 1127:1, 1230:1",3394.3,0.0,0,0,639,8,0,NO_1005_1006,SURVEYING dur=1044s obs=1021 acc=1.0619m valid=0 active=1 age=0.0s
2026-07-08 09:48:31,1.252,1.192,7.548,9,9,0,0.000,"1074:1, 1077:1, 1084:1, 1087:1, 1094:1, 1097:1, 1124:1, 1127:1, 1230:1",2870.1,0.0,0,0,648,8,0,NO_1005_1006,SURVEYING dur=1045s obs=1022 acc=1.0612m valid=0 active=1 age=0.2s
2026-07-08 09:48:32,1.269,1.015,8.869,9,9,0,0.000,"1074:1, 1077:1, 1084:1, 1087:1, 1094:1, 1097:1, 1124:1, 1127:1, 1230:1",3372.1,0.0,0,0,657,8,0,NO_1005_1006,SURVEYING dur=1046s obs=1023 acc=1.0605m valid=0 active=1 age=0.2s
2026-07-08 09:48:33,1.289,1.190,7.565,9,9,0,0.000,"1074:1, 1077:1, 1084:1, 1087:1, 1094:1, 1097:1, 1124:1, 1127:1, 1230:1",2876.3,0.0,0,0,666,8,0,NO_1005_1006,SURVEYING dur=1047s obs=1024 acc=1.0598m valid=0 active=1 age=0.4s
2026-07-08 09:48:34,1.305,1.002,8.983,9,9,0,0.000,"1074:1, 1077:1, 1084:1, 1087:1, 1094:1, 1097:1, 1124:1, 1127:1, 1230:1",3433.6,0.0,0,0,675,8,0,NO_1005_1006,SURVEYING dur=1048s obs=1025 acc=1.0591m valid=0 active=1 age=0.4s
2026-07-08 09:48:35,1.325,1.192,7.548,9,9,0,0.000,"1074:1, 1077:1, 1084:1, 1087:1, 1094:1, 1097:1, 1124:1, 1127:1, 1230:1",2885.1,0.0,0,0,684,8,0,NO_1005_1006,SURVEYING dur=1049s obs=1026 acc=1.0584m valid=0 active=1 age=0.6s
2026-07-08 09:48:36,1.342,1.022,8.804,9,9,0,0.000,"1074:1, 1077:1, 1084:1, 1087:1, 1094:1, 1097:1, 1124:1, 1127:1, 1230:1",3365.2,0.0,0,0,693,8,0,NO_1005_1006,SURVEYING dur=1050s obs=1027 acc=1.0578m valid=0 active=1 age=0.6s
2026-07-08 09:48:38,1.361,1.120,13.394,15,15,0,0.000,"1074:2, 1077:2, 1084:2, 1087:2, 1094:2, 1097:2, 1124:1, 1127:1, 1230:1",3950.2,0.0,0,0,708,8,0,NO_1005_1006,SURVEYING dur=1051s obs=1028 acc=1.0571m valid=0 active=1 age=0.7s
2026-07-08 09:48:39,1.378,1.002,8.985,9,9,0,0.000,"1074:1, 1077:1, 1084:1, 1087:1, 1094:1, 1097:1, 1124:1, 1127:1, 1230:1",3433.5,0.0,0,0,717,8,0,NO_1005_1006,SURVEYING dur=1052s obs=1029 acc=1.0564m valid=0 active=1 age=0.7s
2026-07-08 09:48:40,1.395,1.061,11.312,12,12,0,0.000,"1074:1, 1077:1, 1084:1, 1087:1, 1094:1, 1097:1, 1124:2, 1127:2, 1230:2",4207.2,0.0,0,0,729,8,0,NO_1005_1006,SURVEYING dur=1053s obs=1030 acc=1.0557m valid=0 active=1 age=0.8s
2026-07-08 09:48:41,1.415,1.191,7.559,9,9,0,0.000,"1074:1, 1077:1, 1084:1, 1087:1, 1094:1, 1097:1, 1124:1, 1127:1, 1230:1",4058.5,0.0,0,0,738,8,0,NO_1005_1006,SURVEYING dur=1055s obs=1032 acc=1.0543m valid=0 active=1 age=0.0s
2026-07-08 09:48:42,1.432,1.016,8.861,9,9,0,0.000,"1074:1, 1077:1, 1084:1, 1087:1, 1094:1, 1097:1, 1124:1, 1127:1, 1230:1",3385.9,0.0,0,0,747,8,0,NO_1005_1006,SURVEYING dur=1056s obs=1033 acc=1.0536m valid=0 active=1 age=0.0s
2026-07-08 09:48:43,1.452,1.188,7.573,9,9,0,0.000,"1074:1, 1077:1, 1084:1, 1087:1, 1094:1, 1097:1, 1124:1, 1127:1, 1230:1",2927.5,0.0,0,0,756,8,0,NO_1005_1006,SURVEYING dur=1057s obs=1034 acc=1.0530m valid=0 active=1 age=0.2s
2026-07-08 09:48:44,1.469,1.010,8.911,9,9,0,0.000,"1074:1, 1077:1, 1084:1, 1087:1, 1094:1, 1097:1, 1124:1, 1127:1, 1230:1",3444.6,0.0,0,0,765,8,0,NO_1005_1006,SURVEYING dur=1058s obs=1035 acc=1.0523m valid=0 active=1 age=0.2s
2026-07-08 09:48:45,1.489,1.193,7.542,9,9,0,0.000,"1074:1, 1077:1, 1084:1, 1087:1, 1094:1, 1097:1, 1124:1, 1127:1, 1230:1",2883.5,0.0,0,0,774,8,0,NO_1005_1006,SURVEYING dur=1059s obs=1036 acc=1.0516m valid=0 active=1 age=0.4s
2026-07-08 09:48:46,1.506,1.053,8.545,9,9,0,0.000,"1074:1, 1077:1, 1084:1, 1087:1, 1094:1, 1097:1, 1124:1, 1127:1, 1230:1",3324.1,0.0,0,0,783,8,0,NO_1005_1006,SURVEYING dur=1060s obs=1037 acc=1.0509m valid=0 active=1 age=0.4s
2026-07-08 09:48:47,1.526,1.182,7.617,9,9,0,0.000,"1074:1, 1077:1, 1084:1, 1087:1, 1094:1, 1097:1, 1124:1, 1127:1, 1230:1",2997.0,0.0,0,0,792,8,0,NO_1005_1006,SURVEYING dur=1061s obs=1038 acc=1.0503m valid=0 active=1 age=0.6s
2026-07-08 09:48:48,1.543,1.004,8.964,9,9,0,0.000,"1074:1, 1077:1, 1084:1, 1087:1, 1094:1, 1097:1, 1124:1, 1127:1, 1230:1",3486.9,0.0,0,0,801,8,0,NO_1005_1006,SURVEYING dur=1062s obs=1039 acc=1.0496m valid=0 active=1 age=0.6s
2026-07-08 09:48:50,1.561,1.103,13.603,15,15,0,0.000,"1074:2, 1077:2, 1084:2, 1087:2, 1094:2, 1097:2, 1124:1, 1127:1, 1230:1",4103.6,0.0,0,0,816,8,0,NO_1005_1006,SURVEYING dur=1063s obs=1040 acc=1.0489m valid=0 active=1 age=0.7s
2026-07-08 09:48:51,1.579,1.106,10.845,12,12,0,0.000,"1074:1, 1077:1, 1084:1, 1087:1, 1094:1, 1097:1, 1124:2, 1127:2, 1230:2",4089.5,0.0,0,0,828,8,0,NO_1005_1006,SURVEYING dur=1064s obs=1041 acc=1.0482m valid=0 active=1 age=0.8s
2026-07-08 09:48:52,1.596,1.007,8.934,9,9,0,0.000,"1074:1, 1077:1, 1084:1, 1087:1, 1094:1, 1097:1, 1124:1, 1127:1, 1230:1",3475.3,0.0,0,0,837,8,0,NO_1005_1006,SURVEYING dur=1065s obs=1042 acc=1.0476m valid=0 active=1 age=0.8s
2026-07-08 09:48:53,1.616,1.194,7.536,9,9,0,0.000,"1074:1, 1077:1, 1084:1, 1087:1, 1094:1, 1097:1, 1124:1, 1127:1, 1230:1",4168.5,0.0,0,0,846,8,0,NO_1005_1006,SURVEYING dur=1067s obs=1044 acc=1.0463m valid=0 active=1 age=0.0s
2026-07-08 09:48:54,1.633,1.012,8.893,9,9,0,0.000,"1074:1, 1077:1, 1084:1, 1087:1, 1094:1, 1097:1, 1124:1, 1127:1, 1230:1",3470.1,0.0,0,0,855,8,0,NO_1005_1006,SURVEYING dur=1068s obs=1045 acc=1.0456m valid=0 active=1 age=0.0s
2026-07-08 09:48:55,1.653,1.176,7.656,9,9,0,0.000,"1074:1, 1077:1, 1084:1, 1087:1, 1094:1, 1097:1, 1124:1, 1127:1, 1230:1",2985.9,0.0,0,0,864,8,0,NO_1005_1006,SURVEYING dur=1069s obs=1046 acc=1.0449m valid=0 active=1 age=0.2s
2026-07-08 09:48:56,1.669,1.006,8.951,9,9,0,0.000,"1074:1, 1077:1, 1084:1, 1087:1, 1094:1, 1097:1, 1124:1, 1127:1, 1230:1",3490.8,0.0,0,0,873,8,0,NO_1005_1006,SURVEYING dur=1070s obs=1047 acc=1.0443m valid=0 active=1 age=0.2s
2026-07-08 09:48:57,1.689,1.185,7.598,9,9,0,0.000,"1074:1, 1077:1, 1084:1, 1087:1, 1094:1, 1097:1, 1124:1, 1127:1, 1230:1",2963.0,0.0,0,0,882,8,0,NO_1005_1006,SURVEYING dur=1071s obs=1048 acc=1.0436m valid=0 active=1 age=0.4s
2026-07-08 09:48:58,1.706,1.017,8.850,9,9,0,0.000,"1074:1, 1077:1, 1084:1, 1087:1, 1094:1, 1097:1, 1124:1, 1127:1, 1230:1",3481.8,0.0,0,0,891,8,0,NO_1005_1006,SURVEYING dur=1072s obs=1049 acc=1.0430m valid=0 active=1 age=0.4s
2026-07-08 09:48:59,1.726,1.195,7.532,9,9,0,0.000,"1074:1, 1077:1, 1084:1, 1087:1, 1094:1, 1097:1, 1124:1, 1127:1, 1230:1",2963.5,0.0,0,0,900,8,0,NO_1005_1006,SURVEYING dur=1073s obs=1050 acc=1.0423m valid=0 active=1 age=0.6s
2026-07-08 09:49:00,1.743,1.008,8.927,9,9,0,0.000,"1074:1, 1077:1, 1084:1, 1087:1, 1094:1, 1097:1, 1124:1, 1127:1, 1230:1",3490.5,0.0,0,0,909,8,0,NO_1005_1006,SURVEYING dur=1074s obs=1051 acc=1.0417m valid=0 active=1 age=0.6s
2026-07-08 09:49:02,1.761,1.094,13.712,15,15,0,0.000,"1074:2, 1077:2, 1084:2, 1087:2, 1094:2, 1097:2, 1124:1, 1127:1, 1230:1",4117.1,0.0,0,0,924,8,0,NO_1005_1006,SURVEYING dur=1075s obs=1052 acc=1.0411m valid=0 active=1 age=0.7s
2026-07-08 09:49:03,1.779,1.103,10.877,12,12,0,0.000,"1074:1, 1077:1, 1084:1, 1087:1, 1094:1, 1097:1, 1124:2, 1127:2, 1230:2",4092.6,0.0,0,0,936,8,0,NO_1005_1006,SURVEYING dur=1076s obs=1053 acc=1.0404m valid=0 active=1 age=0.8s
2026-07-08 09:49:04,1.799,1.195,7.532,9,9,0,0.000,"1074:1, 1077:1, 1084:1, 1087:1, 1094:1, 1097:1, 1124:1, 1127:1, 1230:1",4129.0,0.0,0,0,945,8,0,NO_1005_1006,SURVEYING dur=1078s obs=1055 acc=1.0391m valid=0 active=1 age=0.0s
2026-07-08 09:49:05,1.819,1.188,7.577,9,9,0,0.000,"1074:1, 1077:1, 1084:1, 1087:1, 1094:1, 1097:1, 1124:1, 1127:1, 1230:1",2938.8,0.0,0,0,954,8,0,NO_1005_1006,SURVEYING dur=1079s obs=1056 acc=1.0385m valid=0 active=1 age=0.2s
2026-07-08 09:49:06,1.839,1.194,7.537,9,9,0,0.000,"1074:1, 1077:1, 1084:1, 1087:1, 1094:1, 1097:1, 1124:1, 1127:1, 1230:1",2912.5,0.0,0,0,963,8,0,NO_1005_1006,SURVEYING dur=1080s obs=1057 acc=1.0379m valid=0 active=1 age=0.4s
2026-07-08 09:49:07,1.859,1.186,5.902,7,8,1,12.500,"1084:1, 1087:1, 1094:1, 1097:1, 1124:1, 1127:1, 1230:1",2888.4,0.0,0,0,970,9,0,NO_1005_1006,SURVEYING dur=1081s obs=1058 acc=1.0372m valid=0 active=1 age=0.6s
2026-07-08 09:49:08,1.876,1.011,8.902,9,9,0,0.000,"1074:1, 1077:1, 1084:1, 1087:1, 1094:1, 1097:1, 1124:1, 1127:1, 1230:1",3401.7,0.0,0,0,979,9,0,NO_1005_1006,SURVEYING dur=1082s obs=1059 acc=1.0366m valid=0 active=1 age=0.6s
2026-07-08 09:49:10,1.894,1.117,13.427,15,15,0,0.000,"1074:2, 1077:2, 1084:2, 1087:2, 1094:2, 1097:2, 1124:1, 1127:1, 1230:1",3996.6,0.0,0,0,994,9,0,NO_1005_1006,SURVEYING dur=1083s obs=1060 acc=1.0360m valid=0 active=1 age=0.7s
2026-07-08 09:49:11,1.911,1.001,8.995,9,9,0,0.000,"1074:1, 1077:1, 1084:1, 1087:1, 1094:1, 1097:1, 1124:1, 1127:1, 1230:1",3434.3,0.0,0,0,1003,9,0,NO_1005_1006,SURVEYING dur=1084s obs=1061 acc=1.0353m valid=0 active=1 age=0.7s
2026-07-08 09:49:12,1.928,1.001,8.989,9,9,0,0.000,"1074:1, 1077:1, 1084:1, 1087:1, 1094:1, 1097:1, 1124:1, 1127:1, 1230:1",3429.8,0.0,0,0,1012,9,0,NO_1005_1006,SURVEYING dur=1085s obs=1062 acc=1.0347m valid=0 active=1 age=0.7s
2026-07-08 09:49:13,1.946,1.083,11.084,12,12,0,0.000,"1074:1, 1077:1, 1084:1, 1087:1, 1094:1, 1097:1, 1124:2, 1127:2, 1230:2",4129.7,0.0,0,0,1024,9,0,NO_1005_1006,SURVEYING dur=1086s obs=1063 acc=1.0341m valid=0 active=1 age=0.8s
2026-07-08 09:49:14,1.963,1.018,8.841,9,9,0,0.000,"1074:1, 1077:1, 1084:1, 1087:1, 1094:1, 1097:1, 1124:1, 1127:1, 1230:1",3424.2,0.0,0,0,1033,9,0,NO_1005_1006,SURVEYING dur=1087s obs=1064 acc=1.0335m valid=0 active=1 age=0.8s
2026-07-08 09:49:15,1.983,1.194,7.538,9,9,0,0.000,"1074:1, 1077:1, 1084:1, 1087:1, 1094:1, 1097:1, 1124:1, 1127:1, 1230:1",4123.9,0.0,0,0,1042,9,0,NO_1005_1006,SURVEYING dur=1089s obs=1066 acc=1.0322m valid=0 active=1 age=0.0s
2026-07-08 09:49:16,1.999,1.005,8.952,9,9,0,0.000,"1074:1, 1077:1, 1084:1, 1087:1, 1094:1, 1097:1, 1124:1, 1127:1, 1230:1",3467.3,0.0,0,0,1051,9,0,NO_1005_1006,SURVEYING dur=1090s obs=1067 acc=1.0316m valid=0 active=1 age=0.0s
2026-07-08 09:49:17,2.019,1.195,7.534,9,9,0,0.000,"1074:1, 1077:1, 1084:1, 1087:1, 1094:1, 1097:1, 1124:1, 1127:1, 1230:1",2936.4,0.0,0,0,1060,9,0,NO_1005_1006,SURVEYING dur=1091s obs=1068 acc=1.0310m valid=0 active=1 age=0.2s
2026-07-08 09:49:18,2.036,1.022,8.802,9,9,0,0.000,"1074:1, 1077:1, 1084:1, 1087:1, 1094:1, 1097:1, 1124:1, 1127:1, 1230:1",3431.0,0.0,0,0,1069,9,0,NO_1005_1006,SURVEYING dur=1092s obs=1069 acc=1.0304m valid=0 active=1 age=0.2s
2026-07-08 09:49:19,2.056,1.180,7.628,9,9,0,0.000,"1074:1, 1077:1, 1084:1, 1087:1, 1094:1, 1097:1, 1124:1, 1127:1, 1230:1",2940.0,0.0,0,0,1078,9,0,NO_1005_1006,SURVEYING dur=1093s obs=1070 acc=1.0298m valid=0 active=1 age=0.4s
2026-07-08 09:49:20,2.073,1.024,8.787,9,9,0,0.000,"1074:1, 1077:1, 1084:1, 1087:1, 1094:1, 1097:1, 1124:1, 1127:1, 1230:1",3387.0,0.0,0,0,1087,9,0,NO_1005_1006,SURVEYING dur=1094s obs=1071 acc=1.0292m valid=0 active=1 age=0.4s
2026-07-08 09:49:21,2.092,1.168,7.705,9,9,0,0.000,"1074:1, 1077:1, 1084:1, 1087:1, 1094:1, 1097:1, 1124:1, 1127:1, 1230:1",2958.7,0.0,0,0,1096,9,0,NO_1005_1006,SURVEYING dur=1095s obs=1072 acc=1.0286m valid=0 active=1 age=0.6s
2026-07-08 09:49:22,2.110,1.032,8.724,9,9,0,0.000,"1074:1, 1077:1, 1084:1, 1087:1, 1094:1, 1097:1, 1124:1, 1127:1, 1230:1",3380.1,0.0,0,0,1105,9,0,NO_1005_1006,SURVEYING dur=1096s obs=1073 acc=1.0279m valid=0 active=1 age=0.6s
2026-07-08 09:49:24,2.128,1.083,13.850,15,15,0,0.000,"1074:2, 1077:2, 1084:2, 1087:2, 1094:2, 1097:2, 1124:1, 1127:1, 1230:1",4165.2,0.0,0,0,1120,9,0,NO_1005_1006,SURVEYING dur=1097s obs=1074 acc=1.0273m valid=0 active=1 age=0.7s
2026-07-08 09:49:25,2.146,1.094,10.973,12,12,0,0.000,"1074:1, 1077:1, 1084:1, 1087:1, 1094:1, 1097:1, 1124:2, 1127:2, 1230:2",4124.7,0.0,0,0,1132,9,0,NO_1005_1006,SURVEYING dur=1098s obs=1075 acc=1.0267m valid=0 active=1 age=0.8s
2026-07-08 09:49:26,2.163,1.000,8.998,9,9,0,0.000,"1074:1, 1077:1, 1084:1, 1087:1, 1094:1, 1097:1, 1124:1, 1127:1, 1230:1",3486.3,0.0,0,0,1141,9,0,NO_1005_1006,SURVEYING dur=1099s obs=1076 acc=1.0261m valid=0 active=1 age=0.8s
2026-07-08 09:49:27,2.183,1.196,7.522,9,10,1,10.000,"1074:1, 1077:1, 1084:1, 1087:1, 1094:1, 1097:1, 1124:1, 1127:1, 1230:1",4117.1,0.0,0,0,1150,10,0,NO_1005_1006,SURVEYING dur=1101s obs=1078 acc=1.0249m valid=0 active=1 age=0.0s
2026-07-08 09:49:28,2.203,1.198,7.512,9,9,0,0.000,"1074:1, 1077:1, 1084:1, 1087:1, 1094:1, 1097:1, 1124:1, 1127:1, 1230:1",2910.5,0.0,0,0,1159,10,0,NO_1005_1006,SURVEYING dur=1102s obs=1079 acc=1.0243m valid=0 active=1 age=0.2s
2026-07-08 09:49:29,2.222,1.185,7.597,9,9,0,0.000,"1074:1, 1077:1, 1084:1, 1087:1, 1094:1, 1097:1, 1124:1, 1127:1, 1230:1",2976.2,0.0,0,0,1168,10,0,NO_1005_1006,SURVEYING dur=1103s obs=1080 acc=1.0237m valid=0 active=1 age=0.4s
2026-07-08 09:49:30,2.239,1.018,8.844,9,9,0,0.000,"1074:1, 1077:1, 1084:1, 1087:1, 1094:1, 1097:1, 1124:1, 1127:1, 1230:1",3465.0,0.0,0,0,1177,10,0,NO_1005_1006,SURVEYING dur=1104s obs=1081 acc=1.0231m valid=0 active=1 age=0.4s
2026-07-08 09:49:31,2.259,1.193,7.545,9,9,0,0.000,"1074:1, 1077:1, 1084:1, 1087:1, 1094:1, 1097:1, 1124:1, 1127:1, 1230:1",2955.8,0.0,0,0,1186,10,0,NO_1005_1006,SURVEYING dur=1105s obs=1082 acc=1.0225m valid=0 active=1 age=0.6s
2026-07-08 09:49:32,2.276,1.008,8.928,9,9,0,0.000,"1074:1, 1077:1, 1084:1, 1087:1, 1094:1, 1097:1, 1124:1, 1127:1, 1230:1",3497.6,0.0,0,0,1195,10,0,NO_1005_1006,SURVEYING dur=1106s obs=1083 acc=1.0219m valid=0 active=1 age=0.6s
2026-07-08 09:49:33,2.293,1.008,8.932,9,9,0,0.000,"1074:1, 1077:1, 1084:1, 1087:1, 1094:1, 1097:1, 1124:1, 1127:1, 1230:1",3499.2,0.0,0,0,1204,10,0,NO_1005_1006,SURVEYING dur=1107s obs=1084 acc=1.0213m valid=0 active=1 age=0.6s
2026-07-08 09:49:35,2.311,1.095,12.783,14,14,0,0.000,"1074:2, 1077:2, 1084:2, 1087:2, 1094:2, 1097:1, 1124:1, 1127:1, 1230:1",4190.2,0.0,0,0,1218,10,0,NO_1005_1006,SURVEYING dur=1108s obs=1085 acc=1.0207m valid=0 active=1 age=0.7s
2026-07-08 09:49:36,2.328,1.001,9.991,10,10,0,0.000,"1074:1, 1077:1, 1084:1, 1087:1, 1094:1, 1097:2, 1124:1, 1127:1, 1230:1",3601.8,0.0,0,0,1228,10,0,NO_1005_1006,SURVEYING dur=1109s obs=1086 acc=1.0202m valid=0 active=1 age=0.7s
2026-07-08 09:49:37,2.344,1.006,8.948,9,9,0,0.000,"1074:1, 1077:1, 1084:1, 1087:1, 1094:1, 1097:1, 1124:1, 1127:1, 1230:1",3544.3,0.0,0,0,1237,10,0,NO_1005_1006,SURVEYING dur=1110s obs=1087 acc=1.0196m valid=0 active=1 age=0.7s
2026-07-08 09:49:38,2.363,1.100,10.906,12,12,0,0.000,"1074:1, 1077:1, 1084:1, 1087:1, 1094:1, 1097:1, 1124:2, 1127:2, 1230:2",4170.6,0.0,0,0,1249,10,0,NO_1005_1006,SURVEYING dur=1111s obs=1088 acc=1.0190m valid=0 active=1 age=0.8s
2026-07-08 09:49:39,2.379,1.004,3.984,4,5,1,20.000,"1097:1, 1124:1, 1127:1, 1230:1",3550.6,0.0,0,0,1253,11,0,NO_1005_1006,SURVEYING dur=1112s obs=1089 acc=1.0184m valid=0 active=1 age=0.8s
2026-07-08 09:49:40,2.399,1.183,7.607,9,9,0,0.000,"1074:1, 1077:1, 1084:1, 1087:1, 1094:1, 1097:1, 1124:1, 1127:1, 1230:1",4229.4,0.0,0,0,1262,11,0,NO_1005_1006,SURVEYING dur=1114s obs=1091 acc=1.0172m valid=0 active=1 age=0.0s
2026-07-08 09:49:41,2.419,1.195,7.534,9,9,0,0.000,"1074:1, 1077:1, 1084:1, 1087:1, 1094:1, 1097:1, 1124:1, 1127:1, 1230:1",2951.5,0.0,0,0,1271,11,0,NO_1005_1006,SURVEYING dur=1115s obs=1092 acc=1.0166m valid=0 active=1 age=0.2s
2026-07-08 09:49:42,2.436,1.011,8.901,9,9,0,0.000,"1074:1, 1077:1, 1084:1, 1087:1, 1094:1, 1097:1, 1124:1, 1127:1, 1230:1",3487.1,0.0,0,0,1280,11,0,NO_1005_1006,SURVEYING dur=1116s obs=1093 acc=1.0160m valid=0 active=1 age=0.2s
2026-07-08 09:49:43,2.456,1.189,7.567,9,9,0,0.000,"1074:1, 1077:1, 1084:1, 1087:1, 1094:1, 1097:1, 1124:1, 1127:1, 1230:1",2962.8,0.0,0,0,1289,11,0,NO_1005_1006,SURVEYING dur=1117s obs=1094 acc=1.0154m valid=0 active=1 age=0.4s
2026-07-08 09:49:44,2.473,1.007,8.937,9,9,0,0.000,"1074:1, 1077:1, 1084:1, 1087:1, 1094:1, 1097:1, 1124:1, 1127:1, 1230:1",3477.4,0.0,0,0,1298,11,0,NO_1005_1006,SURVEYING dur=1118s obs=1095 acc=1.0149m valid=0 active=1 age=0.4s
2026-07-08 09:49:45,2.492,1.193,7.546,9,9,0,0.000,"1074:1, 1077:1, 1084:1, 1087:1, 1094:1, 1097:1, 1124:1, 1127:1, 1230:1",2936.1,0.0,0,0,1307,11,0,NO_1005_1006,SURVEYING dur=1119s obs=1096 acc=1.0143m valid=0 active=1 age=0.6s
2026-07-08 09:49:46,2.509,1.012,8.890,9,9,0,0.000,"1074:1, 1077:1, 1084:1, 1087:1, 1094:1, 1097:1, 1124:1, 1127:1, 1230:1",3459.3,0.0,0,0,1316,11,0,NO_1005_1006,SURVEYING dur=1120s obs=1097 acc=1.0137m valid=0 active=1 age=0.6s
2026-07-08 09:49:48,2.528,1.101,12.714,14,14,0,0.000,"1074:2, 1077:2, 1084:2, 1087:2, 1094:2, 1097:1, 1124:1, 1127:1, 1230:1",4181.9,0.0,0,0,1330,11,0,NO_1005_1006,SURVEYING dur=1121s obs=1098 acc=1.0131m valid=0 active=1 age=0.7s
2026-07-08 09:49:49,2.546,1.085,11.986,13,13,0,0.000,"1074:1, 1077:1, 1084:1, 1087:1, 1094:1, 1097:2, 1124:2, 1127:2, 1230:2",4246.0,0.0,0,0,1343,11,0,NO_1005_1006,SURVEYING dur=1122s obs=1099 acc=1.0125m valid=0 active=1 age=0.8s
2026-07-08 09:49:50,2.563,1.020,4.902,5,6,1,16.667,"1094:1, 1097:1, 1124:1, 1127:1, 1230:1",3510.5,0.0,0,0,1348,12,0,NO_1005_1006,SURVEYING dur=1123s obs=1100 acc=1.0119m valid=0 active=1 age=0.8s
2026-07-08 09:49:51,2.583,1.194,7.538,9,9,0,0.000,"1074:1, 1077:1, 1084:1, 1087:1, 1094:1, 1097:1, 1124:1, 1127:1, 1230:1",4194.7,0.0,0,0,1357,12,0,NO_1005_1006,SURVEYING dur=1125s obs=1102 acc=1.0108m valid=0 active=1 age=0.0s
2026-07-08 09:49:52,2.599,1.010,8.911,9,9,0,0.000,"1074:1, 1077:1, 1084:1, 1087:1, 1094:1, 1097:1, 1124:1, 1127:1, 1230:1",3484.4,0.0,0,0,1366,12,0,NO_1005_1006,SURVEYING dur=1126s obs=1103 acc=1.0102m valid=0 active=1 age=0.0s
2026-07-08 09:49:53,2.619,1.192,7.551,9,9,0,0.000,"1074:1, 1077:1, 1084:1, 1087:1, 1094:1, 1097:1, 1124:1, 1127:1, 1230:1",2952.4,0.0,0,0,1375,12,0,NO_1005_1006,SURVEYING dur=1127s obs=1104 acc=1.0096m valid=0 active=1 age=0.2s
2026-07-08 09:49:54,2.639,1.175,7.657,9,9,0,0.000,"1074:1, 1077:1, 1084:1, 1087:1, 1094:1, 1097:1, 1124:1, 1127:1, 1230:1",2982.9,0.0,0,0,1384,12,0,NO_1005_1006,SURVEYING dur=1128s obs=1105 acc=1.0091m valid=0 active=1 age=0.4s
2026-07-08 09:49:55,2.659,1.189,7.569,9,9,0,0.000,"1074:1, 1077:1, 1084:1, 1087:1, 1094:1, 1097:1, 1124:1, 1127:1, 1230:1",2948.6,0.0,0,0,1393,12,0,NO_1005_1006,SURVEYING dur=1129s obs=1106 acc=1.0085m valid=0 active=1 age=0.6s
2026-07-08 09:49:56,2.675,1.005,8.956,9,9,0,0.000,"1074:1, 1077:1, 1084:1, 1087:1, 1094:1, 1097:1, 1124:1, 1127:1, 1230:1",3488.7,0.0,0,0,1402,12,0,NO_1005_1006,SURVEYING dur=1130s obs=1107 acc=1.0079m valid=0 active=1 age=0.6s
2026-07-08 09:49:57,2.693,1.030,2.912,3,4,1,25.000,"1124:1, 1127:1, 1230:1",3437.1,0.0,0,0,1405,13,0,NO_1005_1006,SURVEYING dur=1131s obs=1108 acc=1.0073m valid=0 active=1 age=0.6s
2026-07-08 09:49:59,2.711,1.097,2.736,3,5,2,40.000,"1124:1, 1127:1, 1230:1",4151.0,0.0,0,0,1408,15,0,NO_1005_1006,SURVEYING dur=1132s obs=1109 acc=1.0068m valid=0 active=1 age=0.7s
2026-07-08 09:50:00,2.729,1.070,7.474,8,9,1,11.111,"1097:2, 1124:2, 1127:2, 1230:2",4302.1,0.0,0,0,1416,16,0,NO_1005_1006,SURVEYING dur=1133s obs=1110 acc=1.0062m valid=0 active=1 age=0.8s
2026-07-08 09:50:01,2.749,1.195,7.531,9,9,0,0.000,"1074:1, 1077:1, 1084:1, 1087:1, 1094:1, 1097:1, 1124:1, 1127:1, 1230:1",4279.2,0.0,0,0,1425,16,0,NO_1005_1006,SURVEYING dur=1135s obs=1112 acc=1.0051m valid=0 active=1 age=0.0s
2026-07-08 09:50:02,2.766,1.011,8.901,9,9,0,0.000,"1074:1, 1077:1, 1084:1, 1087:1, 1094:1, 1097:1, 1124:1, 1127:1, 1230:1",3541.7,0.0,0,0,1434,16,0,NO_1005_1006,SURVEYING dur=1136s obs=1113 acc=1.0045m valid=0 active=1 age=0.0s
2026-07-08 09:50:03,2.786,1.198,7.511,9,9,0,0.000,"1074:1, 1077:1, 1084:1, 1087:1, 1094:1, 1097:1, 1124:1, 1127:1, 1230:1",2988.7,0.0,0,0,1443,16,0,NO_1005_1006,SURVEYING dur=1137s obs=1114 acc=1.0039m valid=0 active=1 age=0.2s
2026-07-08 09:50:04,2.803,1.030,8.740,9,9,0,0.000,"1074:1, 1077:1, 1084:1, 1087:1, 1094:1, 1097:1, 1124:1, 1127:1, 1230:1",3451.3,0.0,0,0,1452,16,0,NO_1005_1006,SURVEYING dur=1138s obs=1115 acc=1.0034m valid=0 active=1 age=0.2s
2026-07-08 09:50:05,2.822,1.162,6.888,8,9,1,11.111,"1077:1, 1084:1, 1087:1, 1094:1, 1097:1, 1124:1, 1127:1, 1230:1",3015.0,0.0,0,0,1460,17,0,NO_1005_1006,SURVEYING dur=1139s obs=1116 acc=1.0028m valid=0 active=1 age=0.4s
2026-07-08 09:50:06,2.839,1.017,8.849,9,9,0,0.000,"1074:1, 1077:1, 1084:1, 1087:1, 1094:1, 1097:1, 1124:1, 1127:1, 1230:1",3443.1,0.0,0,0,1469,17,0,NO_1005_1006,SURVEYING dur=1140s obs=1117 acc=1.0022m valid=0 active=1 age=0.4s
2026-07-08 09:50:07,2.859,1.192,0.000,0,2,2,100.000,none,2938.7,0.0,0,0,1469,19,0,NO_1005_1006,SURVEYING dur=1141s obs=1118 acc=1.0017m valid=0 active=1 age=0.6s
2026-07-08 09:50:08,2.876,1.009,8.923,9,9,0,0.000,"1074:1, 1077:1, 1084:1, 1087:1, 1094:1, 1097:1, 1124:1, 1127:1, 1230:1",3433.2,0.0,0,0,1478,19,0,NO_1005_1006,SURVEYING dur=1142s obs=1119 acc=1.0011m valid=0 active=1 age=0.6s
2026-07-08 09:50:10,2.894,1.115,13.456,15,15,0,0.000,"1074:2, 1077:2, 1084:2, 1087:2, 1094:2, 1097:2, 1124:1, 1127:1, 1230:1",4013.6,0.0,0,0,1493,19,0,NO_1005_1006,SURVEYING dur=1143s obs=1120 acc=1.0006m valid=0 active=1 age=0.7s
2026-07-08 09:50:11,2.911,1.002,8.979,9,9,0,0.000,"1074:1, 1077:1, 1084:1, 1087:1, 1094:1, 1097:1, 1124:1, 1127:1, 1230:1",3442.0,0.0,0,0,1502,19,0,NO_1005_1006,SURVEYING dur=1144s obs=1121 acc=1.0000m valid=0 active=1 age=0.7s
2026-07-08 09:50:12,2.929,1.087,11.039,12,12,0,0.000,"1074:1, 1077:1, 1084:1, 1087:1, 1094:1, 1097:1, 1124:2, 1127:2, 1230:2",4163.4,0.0,0,0,1514,19,0,NO_1005_1006,DONE dur=1145s obs=1122 acc=0.9994m valid=1 active=0 age=0.8s
2026-07-08 09:50:13,2.949,1.193,9.224,11,11,0,0.000,"1005:2, 1074:1, 1077:1, 1084:1, 1087:1, 1094:1, 1097:1, 1124:1, 1127:1, 1230:1",4258.0,0.0,0,0,1525,19,0,RTCM1005 age=0.0s,DONE dur=1145s obs=1122 acc=0.9994m valid=1 active=0 age=0.0s
2026-07-08 09:50:14,2.966,1.009,9.914,10,10,0,0.000,"1005:1, 1074:1, 1077:1, 1084:1, 1087:1, 1094:1, 1097:1, 1124:1, 1127:1, 1230:1",3552.3,0.0,0,0,1535,19,0,RTCM1005 age=0.0s,DONE dur=1145s obs=1122 acc=0.9994m valid=1 active=0 age=0.0s
2026-07-08 09:50:15,2.986,1.192,8.389,10,10,0,0.000,"1005:1, 1074:1, 1077:1, 1084:1, 1087:1, 1094:1, 1097:1, 1124:1, 1127:1, 1230:1",3007.6,0.0,0,0,1545,19,0,RTCM1005 age=0.2s,DONE dur=1145s obs=1122 acc=0.9994m valid=1 active=0 age=0.2s
2026-07-08 09:50:16,3.002,1.011,9.890,10,10,0,0.000,"1005:1, 1074:1, 1077:1, 1084:1, 1087:1, 1094:1, 1097:1, 1124:1, 1127:1, 1230:1",3545.7,0.0,0,0,1555,19,0,RTCM1005 age=0.2s,DONE dur=1145s obs=1122 acc=0.9994m valid=1 active=0 age=0.2s
2026-07-08 09:50:17,3.022,1.196,8.360,10,10,0,0.000,"1005:1, 1074:1, 1077:1, 1084:1, 1087:1, 1094:1, 1097:1, 1124:1, 1127:1, 1230:1",2995.3,0.0,0,0,1565,19,0,RTCM1005 age=0.4s,DONE dur=1145s obs=1122 acc=0.9994m valid=1 active=0 age=0.4s
2026-07-08 09:50:18,3.039,1.002,9.983,10,10,0,0.000,"1005:1, 1074:1, 1077:1, 1084:1, 1087:1, 1094:1, 1097:1, 1124:1, 1127:1, 1230:1",3537.0,0.0,0,0,1575,19,0,RTCM1005 age=0.4s,DONE dur=1145s obs=1122 acc=0.9994m valid=1 active=0 age=0.4s
2026-07-08 09:50:19,3.059,1.193,8.384,10,10,0,0.000,"1005:1, 1074:1, 1077:1, 1084:1, 1087:1, 1094:1, 1097:1, 1124:1, 1127:1, 1230:1",2910.1,0.0,0,0,1585,19,0,RTCM1005 age=0.6s,DONE dur=1145s obs=1122 acc=0.9994m valid=1 active=0 age=0.6s
2026-07-08 09:50:21,3.078,1.122,14.266,16,16,0,0.000,"1005:1, 1074:2, 1077:2, 1084:2, 1087:2, 1094:2, 1097:2, 1124:1, 1127:1, 1230:1",4004.4,0.0,0,0,1601,19,0,RTCM1005 age=0.7s,DONE dur=1145s obs=1122 acc=0.9994m valid=1 active=0 age=0.7s
2026-07-08 09:50:22,3.095,1.048,12.401,13,13,0,0.000,"1005:1, 1074:1, 1077:1, 1084:1, 1087:1, 1094:1, 1097:1, 1124:2, 1127:2, 1230:2",4284.2,0.0,0,0,1614,19,0,RTCM1005 age=0.8s,DONE dur=1145s obs=1122 acc=0.9994m valid=1 active=0 age=0.8s
2026-07-08 09:50:23,3.112,1.003,9.970,10,10,0,0.000,"1005:1, 1074:1, 1077:1, 1084:1, 1087:1, 1094:1, 1097:1, 1124:1, 1127:1, 1230:1",3456.6,0.0,0,0,1624,19,0,RTCM1005 age=0.8s,DONE dur=1145s obs=1122 acc=0.9994m valid=1 active=0 age=0.8s
2026-07-08 09:50:24,3.129,1.012,9.884,10,10,0,0.000,"1005:1, 1074:1, 1077:1, 1084:1, 1087:1, 1094:1, 1097:1, 1124:1, 1127:1, 1230:1",3448.4,0.0,0,0,1634,19,0,RTCM1005 age=0.8s,DONE dur=1145s obs=1122 acc=0.9994m valid=1 active=0 age=0.8s
2026-07-08 09:50:25,3.149,1.190,9.243,11,11,0,0.000,"1005:2, 1074:1, 1077:1, 1084:1, 1087:1, 1094:1, 1097:1, 1124:1, 1127:1, 1230:1",4175.4,0.0,0,0,1645,19,0,RTCM1005 age=0.0s,DONE dur=1145s obs=1122 acc=0.9994m valid=1 active=0 age=0.0s
2026-07-08 09:50:26,3.168,1.185,8.441,10,10,0,0.000,"1005:1, 1074:1, 1077:1, 1084:1, 1087:1, 1094:1, 1097:1, 1124:1, 1127:1, 1230:1",2981.4,0.0,0,0,1655,19,0,RTCM1005 age=0.2s,DONE dur=1145s obs=1122 acc=0.9994m valid=1 active=0 age=0.2s
2026-07-08 09:50:27,3.185,1.009,8.921,9,9,0,0.000,"1074:1, 1077:1, 1084:1, 1087:1, 1094:1, 1097:1, 1124:1, 1127:1, 1230:1",3501.2,0.0,0,0,1664,19,0,RTCM1005 age=1.2s,DONE dur=1145s obs=1122 acc=0.9994m valid=1 active=0 age=0.2s
2026-07-08 09:50:28,3.202,1.003,5.982,6,7,1,14.286,"1005:1, 1094:1, 1097:1, 1124:1, 1127:1, 1230:1",3521.7,0.0,0,0,1670,20,0,RTCM1005 age=0.2s,DONE dur=1145s obs=1122 acc=0.9994m valid=1 active=0 age=0.2s
2026-07-08 09:50:29,3.222,1.196,8.359,10,10,0,0.000,"1005:1, 1074:1, 1077:1, 1084:1, 1087:1, 1094:1, 1097:1, 1124:1, 1127:1, 1230:1",2952.3,0.0,0,0,1680,20,0,RTCM1005 age=0.4s,DONE dur=1145s obs=1122 acc=0.9994m valid=1 active=0 age=0.4s
2026-07-08 09:50:30,3.239,1.008,9.920,10,10,0,0.000,"1005:1, 1074:1, 1077:1, 1084:1, 1087:1, 1094:1, 1097:1, 1124:1, 1127:1, 1230:1",3503.9,0.0,0,0,1690,20,0,RTCM1005 age=0.4s,DONE dur=1145s obs=1122 acc=0.9994m valid=1 active=0 age=0.4s
2026-07-08 09:50:31,3.258,1.192,8.386,10,10,0,0.000,"1005:1, 1074:1, 1077:1, 1084:1, 1087:1, 1094:1, 1097:1, 1124:1, 1127:1, 1230:1",2962.1,0.0,0,0,1700,20,0,RTCM1005 age=0.6s,DONE dur=1145s obs=1122 acc=0.9994m valid=1 active=0 age=0.6s
2026-07-08 09:50:32,3.275,1.013,9.875,10,10,0,0.000,"1005:1, 1074:1, 1077:1, 1084:1, 1087:1, 1094:1, 1097:1, 1124:1, 1127:1, 1230:1",3487.8,0.0,0,0,1710,20,0,RTCM1005 age=0.6s,DONE dur=1145s obs=1122 acc=0.9994m valid=1 active=0 age=0.6s
2026-07-08 09:50:34,3.294,1.133,14.120,16,16,0,0.000,"1005:1, 1074:2, 1077:2, 1084:2, 1087:2, 1094:2, 1097:2, 1124:1, 1127:1, 1230:1",4056.1,0.0,0,0,1726,20,0,RTCM1005 age=0.7s,DONE dur=1145s obs=1122 acc=0.9994m valid=1 active=0 age=0.7s
2026-07-08 09:50:35,3.311,1.006,9.943,10,10,0,0.000,"1005:1, 1074:1, 1077:1, 1084:1, 1087:1, 1094:1, 1097:1, 1124:1, 1127:1, 1230:1",3499.1,0.0,0,0,1736,20,0,RTCM1005 age=0.8s,DONE dur=1145s obs=1122 acc=0.9994m valid=1 active=0 age=0.8s
2026-07-08 09:50:36,3.328,1.002,9.980,10,10,0,0.000,"1005:1, 1074:1, 1077:1, 1084:1, 1087:1, 1094:1, 1097:1, 1124:1, 1127:1, 1230:1",3524.9,0.0,0,0,1746,20,0,RTCM1005 age=0.8s,DONE dur=1145s obs=1122 acc=0.9994m valid=1 active=0 age=0.8s
2026-07-08 09:50:37,3.346,1.083,12.000,13,13,0,0.000,"1005:1, 1074:1, 1077:1, 1084:1, 1087:1, 1094:1, 1097:1, 1124:2, 1127:2, 1230:2",4203.7,0.0,0,0,1759,20,0,RTCM1005 age=0.8s,DONE dur=1145s obs=1122 acc=0.9994m valid=1 active=0 age=0.8s
2026-07-08 09:50:38,3.363,1.014,9.860,10,10,0,0.000,"1005:1, 1074:1, 1077:1, 1084:1, 1087:1, 1094:1, 1097:1, 1124:1, 1127:1, 1230:1",3480.6,0.0,0,0,1769,20,0,RTCM1005 age=0.8s,DONE dur=1145s obs=1122 acc=0.9994m valid=1 active=0 age=0.8s
2026-07-08 09:50:39,3.382,1.188,9.260,11,11,0,0.000,"1005:2, 1074:1, 1077:1, 1084:1, 1087:1, 1094:1, 1097:1, 1124:1, 1127:1, 1230:1",4293.1,0.0,0,0,1780,20,0,RTCM1005 age=0.0s,DONE dur=1145s obs=1122 acc=0.9994m valid=1 active=0 age=0.0s
2026-07-08 09:50:40,3.399,1.010,9.906,10,10,0,0.000,"1005:1, 1074:1, 1077:1, 1084:1, 1087:1, 1094:1, 1097:1, 1124:1, 1127:1, 1230:1",3569.0,0.0,0,0,1790,20,0,RTCM1005 age=0.0s,DONE dur=1145s obs=1122 acc=0.9994m valid=1 active=0 age=0.0s
2026-07-08 09:50:41,3.419,1.184,8.449,10,10,0,0.000,"1005:1, 1074:1, 1077:1, 1084:1, 1087:1, 1094:1, 1097:1, 1124:1, 1127:1, 1230:1",3021.3,0.0,0,0,1800,20,0,RTCM1005 age=0.2s,DONE dur=1145s obs=1122 acc=0.9994m valid=1 active=0 age=0.2s
2026-07-08 09:50:42,3.436,1.003,9.968,10,10,0,0.000,"1005:1, 1074:1, 1077:1, 1084:1, 1087:1, 1094:1, 1097:1, 1124:1, 1127:1, 1230:1",3577.5,0.0,0,0,1810,20,0,RTCM1005 age=0.2s,DONE dur=1145s obs=1122 acc=0.9994m valid=1 active=0 age=0.2s
2026-07-08 09:50:43,3.456,1.195,8.369,10,10,0,0.000,"1005:1, 1074:1, 1077:1, 1084:1, 1087:1, 1094:1, 1097:1, 1124:1, 1127:1, 1230:1",2974.4,0.0,0,0,1820,20,0,RTCM1005 age=0.4s,DONE dur=1145s obs=1122 acc=0.9994m valid=1 active=0 age=0.4s
2026-07-08 09:50:44,3.472,1.011,9.891,10,10,0,0.000,"1005:1, 1074:1, 1077:1, 1084:1, 1087:1, 1094:1, 1097:1, 1124:1, 1127:1, 1230:1",3489.5,0.0,0,0,1830,20,0,RTCM1005 age=0.4s,DONE dur=1145s obs=1122 acc=0.9994m valid=1 active=0 age=0.4s
2026-07-08 09:50:45,3.492,1.194,8.377,10,10,0,0.000,"1005:1, 1074:1, 1077:1, 1084:1, 1087:1, 1094:1, 1097:1, 1124:1, 1127:1, 1230:1",2955.6,0.0,0,0,1840,20,0,RTCM1005 age=0.6s,DONE dur=1145s obs=1122 acc=0.9994m valid=1 active=0 age=0.6s
2026-07-08 09:50:46,3.509,1.005,9.949,10,10,0,0.000,"1005:1, 1074:1, 1077:1, 1084:1, 1087:1, 1094:1, 1097:1, 1124:1, 1127:1, 1230:1",3518.8,0.0,0,0,1850,20,0,RTCM1005 age=0.6s,DONE dur=1145s obs=1122 acc=0.9994m valid=1 active=0 age=0.6s
2026-07-08 09:50:47,3.526,1.001,9.991,10,10,0,0.000,"1005:1, 1074:1, 1077:1, 1084:1, 1087:1, 1094:1, 1097:1, 1124:1, 1127:1, 1230:1",3548.7,0.0,0,0,1860,20,0,RTCM1005 age=0.6s,DONE dur=1145s obs=1122 acc=0.9994m valid=1 active=0 age=0.6s
2026-07-08 09:50:48,3.543,1.008,9.920,10,10,0,0.000,"1005:1, 1074:1, 1077:1, 1084:1, 1087:1, 1094:1, 1097:1, 1124:1, 1127:1, 1230:1",3523.6,0.0,0,0,1870,20,0,RTCM1005 age=0.6s,DONE dur=1145s obs=1122 acc=0.9994m valid=1 active=0 age=0.6s
2026-07-08 09:50:50,3.561,1.106,14.464,16,16,0,0.000,"1005:1, 1074:2, 1077:2, 1084:2, 1087:2, 1094:2, 1097:2, 1124:1, 1127:1, 1230:1",4135.0,0.0,0,0,1886,20,0,RTCM1005 age=0.7s,DONE dur=1145s obs=1122 acc=0.9994m valid=1 active=0 age=0.7s
2026-07-08 09:50:51,3.579,1.090,11.928,13,13,0,0.000,"1005:1, 1074:1, 1077:1, 1084:1, 1087:1, 1094:1, 1097:1, 1124:2, 1127:2, 1230:2",4244.7,0.0,0,0,1899,20,0,RTCM1005 age=0.8s,DONE dur=1145s obs=1122 acc=0.9994m valid=1 active=0 age=0.8s
2026-07-08 09:50:52,3.596,1.009,9.911,10,10,0,0.000,"1005:1, 1074:1, 1077:1, 1084:1, 1087:1, 1094:1, 1097:1, 1124:1, 1127:1, 1230:1",3569.9,0.0,0,0,1909,20,0,RTCM1005 age=0.8s,DONE dur=1145s obs=1122 acc=0.9994m valid=1 active=0 age=0.8s
2026-07-08 09:50:53,3.616,1.191,9.233,11,11,0,0.000,"1005:2, 1074:1, 1077:1, 1084:1, 1087:1, 1094:1, 1097:1, 1124:1, 1127:1, 1230:1",4295.1,0.0,0,0,1920,20,0,RTCM1005 age=0.0s,DONE dur=1145s obs=1122 acc=0.9994m valid=1 active=0 age=0.0s
2026-07-08 09:50:54,3.633,1.017,9.835,10,10,0,0.000,"1005:1, 1074:1, 1077:1, 1084:1, 1087:1, 1094:1, 1097:1, 1124:1, 1127:1, 1230:1",3529.7,0.0,0,0,1930,20,0,RTCM1005 age=0.0s,DONE dur=1145s obs=1122 acc=0.9994m valid=1 active=0 age=0.0s
2026-07-08 09:50:55,3.653,1.187,8.427,10,10,0,0.000,"1005:1, 1074:1, 1077:1, 1084:1, 1087:1, 1094:1, 1097:1, 1124:1, 1127:1, 1230:1",3031.2,0.0,0,0,1940,20,0,RTCM1005 age=0.2s,DONE dur=1145s obs=1122 acc=0.9994m valid=1 active=0 age=0.2s
2026-07-08 09:50:56,3.673,1.196,8.360,10,10,0,0.000,"1005:1, 1074:1, 1077:1, 1084:1, 1087:1, 1094:1, 1097:1, 1124:1, 1127:1, 1230:1",3008.8,0.0,0,0,1950,20,0,RTCM1005 age=0.4s,DONE dur=1145s obs=1122 acc=0.9994m valid=1 active=0 age=0.4s
2026-07-08 09:50:57,3.692,1.194,8.377,10,10,0,0.000,"1005:1, 1074:1, 1077:1, 1084:1, 1087:1, 1094:1, 1097:1, 1124:1, 1127:1, 1230:1",3039.1,0.0,0,0,1960,20,0,RTCM1005 age=0.6s,DONE dur=1145s obs=1122 acc=0.9994m valid=1 active=0 age=0.6s
2026-07-08 09:50:59,3.711,1.113,14.376,16,16,0,0.000,"1005:1, 1074:2, 1077:2, 1084:2, 1087:2, 1094:2, 1097:2, 1124:1, 1127:1, 1230:1",4189.8,0.0,0,0,1976,20,0,RTCM1005 age=0.7s,DONE dur=1145s obs=1122 acc=0.9994m valid=1 active=0 age=0.7s
2026-07-08 09:51:00,3.728,1.002,9.981,10,10,0,0.000,"1005:1, 1074:1, 1077:1, 1084:1, 1087:1, 1094:1, 1097:1, 1124:1, 1127:1, 1230:1",3632.3,0.0,0,0,1986,20,0,RTCM1005 age=0.7s,DONE dur=1145s obs=1122 acc=0.9994m valid=1 active=0 age=0.7s
2026-07-08 09:51:01,3.746,1.077,12.070,13,13,0,0.000,"1005:1, 1074:1, 1077:1, 1084:1, 1087:1, 1094:1, 1097:1, 1124:2, 1127:2, 1230:2",4256.8,0.0,0,0,1999,20,0,RTCM1005 age=0.8s,DONE dur=1145s obs=1122 acc=0.9994m valid=1 active=0 age=0.8s
2026-07-08 09:51:02,3.763,1.022,9.784,10,10,0,0.000,"1005:1, 1074:1, 1077:1, 1084:1, 1087:1, 1094:1, 1097:1, 1124:1, 1127:1, 1230:1",3488.1,0.0,0,0,2009,20,0,RTCM1005 age=0.8s,DONE dur=1145s obs=1122 acc=0.9994m valid=1 active=0 age=0.8s
2026-07-08 09:51:03,3.782,1.183,9.301,11,11,0,0.000,"1005:2, 1074:1, 1077:1, 1084:1, 1087:1, 1094:1, 1097:1, 1124:1, 1127:1, 1230:1",4308.3,0.0,0,0,2020,20,0,RTCM1005 age=0.0s,DONE dur=1145s obs=1122 acc=0.9994m valid=1 active=0 age=0.0s
2026-07-08 09:51:04,3.799,1.017,9.830,10,10,0,0.000,"1005:1, 1074:1, 1077:1, 1084:1, 1087:1, 1094:1, 1097:1, 1124:1, 1127:1, 1230:1",3517.2,0.0,0,0,2030,20,0,RTCM1005 age=0.0s,DONE dur=1145s obs=1122 acc=0.9994m valid=1 active=0 age=0.0s
2026-07-08 09:51:05,3.819,1.183,8.451,10,10,0,0.000,"1005:1, 1074:1, 1077:1, 1084:1, 1087:1, 1094:1, 1097:1, 1124:1, 1127:1, 1230:1",2990.9,0.0,0,0,2040,20,0,RTCM1005 age=0.2s,DONE dur=1145s obs=1122 acc=0.9994m valid=1 active=0 age=0.2s
2026-07-08 09:51:06,3.839,1.199,8.339,10,10,0,0.000,"1005:1, 1074:1, 1077:1, 1084:1, 1087:1, 1094:1, 1097:1, 1124:1, 1127:1, 1230:1",2962.2,0.0,0,0,2050,20,0,RTCM1005 age=0.4s,DONE dur=1145s obs=1122 acc=0.9994m valid=1 active=0 age=0.4s
2026-07-08 09:51:07,3.856,1.007,9.928,10,10,0,0.000,"1005:1, 1074:1, 1077:1, 1084:1, 1087:1, 1094:1, 1097:1, 1124:1, 1127:1, 1230:1",3565.3,0.0,0,0,2060,20,0,RTCM1005 age=0.4s,DONE dur=1145s obs=1122 acc=0.9994m valid=1 active=0 age=0.4s
2026-07-08 09:51:08,3.873,1.016,9.846,10,10,0,0.000,"1005:1, 1074:1, 1077:1, 1084:1, 1087:1, 1094:1, 1097:1, 1124:1, 1127:1, 1230:1",3548.4,0.0,0,0,2070,20,0,RTCM1005 age=0.4s,DONE dur=1145s obs=1122 acc=0.9994m valid=1 active=0 age=0.4s
2026-07-08 09:51:09,3.893,1.190,8.400,10,10,0,0.000,"1005:1, 1074:1, 1077:1, 1084:1, 1087:1, 1094:1, 1097:1, 1124:1, 1127:1, 1230:1",3027.3,0.0,0,0,2080,20,0,RTCM1005 age=0.6s,DONE dur=1145s obs=1122 acc=0.9994m valid=1 active=0 age=0.6s
2026-07-08 09:51:10,3.909,1.003,9.975,10,10,0,0.000,"1005:1, 1074:1, 1077:1, 1084:1, 1087:1, 1094:1, 1097:1, 1124:1, 1127:1, 1230:1",3581.9,0.0,0,0,2090,20,0,RTCM1005 age=0.6s,DONE dur=1145s obs=1122 acc=0.9994m valid=1 active=0 age=0.6s
2026-07-08 09:51:12,3.928,1.100,14.547,16,16,0,0.000,"1005:1, 1074:2, 1077:2, 1084:2, 1087:2, 1094:2, 1097:2, 1124:1, 1127:1, 1230:1",4195.8,0.0,0,0,2106,20,0,RTCM1005 age=0.8s,DONE dur=1145s obs=1122 acc=0.9994m valid=1 active=0 age=0.8s
2026-07-08 09:51:13,3.945,1.043,12.461,13,13,0,0.000,"1005:1, 1074:1, 1077:1, 1084:1, 1087:1, 1094:1, 1097:1, 1124:2, 1127:2, 1230:2",4423.6,0.0,0,0,2119,20,0,RTCM1005 age=0.8s,DONE dur=1145s obs=1122 acc=0.9994m valid=1 active=0 age=0.8s
2026-07-08 09:51:14,3.962,1.038,9.638,10,10,0,0.000,"1005:1, 1074:1, 1077:1, 1084:1, 1087:1, 1094:1, 1097:1, 1124:1, 1127:1, 1230:1",3448.3,0.0,0,0,2129,20,0,RTCM1005 age=0.8s,DONE dur=1145s obs=1122 acc=0.9994m valid=1 active=0 age=0.8s
2026-07-08 09:51:15,3.982,1.162,9.467,11,11,0,0.000,"1005:2, 1074:1, 1077:1, 1084:1, 1087:1, 1094:1, 1097:1, 1124:1, 1127:1, 1230:1",4407.3,0.0,0,0,2140,20,0,RTCM1005 age=0.0s,DONE dur=1145s obs=1122 acc=0.9994m valid=1 active=0 age=0.0s
2026-07-08 09:51:16,3.998,1.010,9.906,10,10,0,0.000,"1005:1, 1074:1, 1077:1, 1084:1, 1087:1, 1094:1, 1097:1, 1124:1, 1127:1, 1230:1",3481.8,0.0,0,0,2150,20,0,RTCM1005 age=0.0s,DONE dur=1145s obs=1122 acc=0.9994m valid=1 active=0 age=0.0s
2026-07-08 09:51:17,4.018,1.196,8.363,10,10,0,0.000,"1005:1, 1074:1, 1077:1, 1084:1, 1087:1, 1094:1, 1097:1, 1124:1, 1127:1, 1230:1",2950.3,0.0,0,0,2160,20,0,RTCM1005 age=0.2s,DONE dur=1145s obs=1122 acc=0.9994m valid=1 active=0 age=0.2s
2026-07-08 09:51:18,4.035,1.008,8.925,9,9,0,0.000,"1074:1, 1077:1, 1084:1, 1087:1, 1094:1, 1097:1, 1124:1, 1127:1, 1230:1",3485.7,0.0,0,0,2169,20,0,RTCM1005 age=1.2s,DONE dur=1145s obs=1122 acc=0.9994m valid=1 active=0 age=0.2s
2026-07-08 09:51:19,4.055,1.193,6.707,8,9,1,11.111,"1005:1, 1084:1, 1087:1, 1094:1, 1097:1, 1124:1, 1127:1, 1230:1",2935.8,0.0,0,0,2177,21,0,RTCM1005 age=0.4s,DONE dur=1145s obs=1122 acc=0.9994m valid=1 active=0 age=0.4s
2026-07-08 09:51:20,4.073,1.061,9.425,10,10,0,0.000,"1005:1, 1074:1, 1077:1, 1084:1, 1087:1, 1094:1, 1097:1, 1124:1, 1127:1, 1230:1",3332.7,0.0,0,0,2187,21,0,RTCM1005 age=0.4s,DONE dur=1145s obs=1122 acc=0.9994m valid=1 active=0 age=0.4s
2026-07-08 09:51:21,4.093,1.190,8.400,10,10,0,0.000,"1005:1, 1074:1, 1077:1, 1084:1, 1087:1, 1094:1, 1097:1, 1124:1, 1127:1, 1230:1",2970.2,0.0,0,0,2197,21,0,RTCM1005 age=0.6s,DONE dur=1145s obs=1122 acc=0.9994m valid=1 active=0 age=0.6s
2026-07-08 09:51:23,4.111,1.095,14.606,16,16,0,0.000,"1005:1, 1074:2, 1077:2, 1084:2, 1087:2, 1094:2, 1097:2, 1124:1, 1127:1, 1230:1",4191.1,0.0,0,0,2213,21,0,RTCM1005 age=0.7s,DONE dur=1145s obs=1122 acc=0.9994m valid=1 active=0 age=0.7s
2026-07-08 09:51:24,4.128,1.007,9.931,10,10,0,0.000,"1005:1, 1074:1, 1077:1, 1084:1, 1087:1, 1094:1, 1097:1, 1124:1, 1127:1, 1230:1",3534.5,0.0,0,0,2223,21,0,RTCM1005 age=0.7s,DONE dur=1145s obs=1122 acc=0.9994m valid=1 active=0 age=0.7s
2026-07-08 09:51:25,4.144,1.002,9.985,10,10,0,0.000,"1005:1, 1074:1, 1077:1, 1084:1, 1087:1, 1094:1, 1097:1, 1124:1, 1127:1, 1230:1",3553.6,0.0,0,0,2233,21,0,RTCM1005 age=0.7s,DONE dur=1145s obs=1122 acc=0.9994m valid=1 active=0 age=0.7s
2026-07-08 09:51:26,4.161,1.000,9.999,10,10,0,0.000,"1005:1, 1074:1, 1077:1, 1084:1, 1087:1, 1094:1, 1097:1, 1124:1, 1127:1, 1230:1",3597.8,0.0,0,0,2243,21,0,RTCM1005 age=0.7s,DONE dur=1145s obs=1122 acc=0.9994m valid=1 active=0 age=0.7s
2026-07-08 09:51:27,4.179,1.076,12.078,13,13,0,0.000,"1005:1, 1074:1, 1077:1, 1084:1, 1087:1, 1094:1, 1097:1, 1124:2, 1127:2, 1230:2",4294.3,0.0,0,0,2256,21,0,RTCM1005 age=0.8s,DONE dur=1145s obs=1122 acc=0.9994m valid=1 active=0 age=0.8s
2026-07-08 09:51:28,4.196,1.007,9.932,10,10,0,0.000,"1005:1, 1074:1, 1077:1, 1084:1, 1087:1, 1094:1, 1097:1, 1124:1, 1127:1, 1230:1",3571.7,0.0,0,0,2266,21,0,RTCM1005 age=0.8s,DONE dur=1145s obs=1122 acc=0.9994m valid=1 active=0 age=0.8s
2026-07-08 09:51:29,4.216,1.196,9.199,11,11,0,0.000,"1005:2, 1074:1, 1077:1, 1084:1, 1087:1, 1094:1, 1097:1, 1124:1, 1127:1, 1230:1",4303.3,0.0,0,0,2277,21,0,RTCM1005 age=0.0s,DONE dur=1145s obs=1122 acc=0.9994m valid=1 active=0 age=0.0s
2026-07-08 09:51:30,4.232,1.001,9.991,10,10,0,0.000,"1005:1, 1074:1, 1077:1, 1084:1, 1087:1, 1094:1, 1097:1, 1124:1, 1127:1, 1230:1",3592.9,0.0,0,0,2287,21,0,RTCM1005 age=0.0s,DONE dur=1145s obs=1122 acc=0.9994m valid=1 active=0 age=0.0s
2026-07-08 09:51:31,4.252,1.191,8.393,10,10,0,0.000,"1005:1, 1074:1, 1077:1, 1084:1, 1087:1, 1094:1, 1097:1, 1124:1, 1127:1, 1230:1",3018.1,0.0,0,0,2297,21,0,RTCM1005 age=0.2s,DONE dur=1145s obs=1122 acc=0.9994m valid=1 active=0 age=0.2s
2026-07-08 09:51:32,4.269,1.031,9.702,10,10,0,0.000,"1005:1, 1074:1, 1077:1, 1084:1, 1087:1, 1094:1, 1097:1, 1124:1, 1127:1, 1230:1",3526.6,0.0,0,0,2307,21,0,RTCM1005 age=0.2s,DONE dur=1145s obs=1122 acc=0.9994m valid=1 active=0 age=0.2s
2026-07-08 09:51:33,4.289,1.190,8.407,10,10,0,0.000,"1005:1, 1074:1, 1077:1, 1084:1, 1087:1, 1094:1, 1097:1, 1124:1, 1127:1, 1230:1",3055.8,0.0,0,0,2317,21,0,RTCM1005 age=0.4s,DONE dur=1145s obs=1122 acc=0.9994m valid=1 active=0 age=0.4s
2026-07-08 09:51:34,4.306,1.005,9.950,10,10,0,0.000,"1005:1, 1074:1, 1077:1, 1084:1, 1087:1, 1094:1, 1097:1, 1124:1, 1127:1, 1230:1",3585.8,0.0,0,0,2327,21,0,RTCM1005 age=0.4s,DONE dur=1145s obs=1122 acc=0.9994m valid=1 active=0 age=0.4s
2026-07-08 09:51:35,4.326,1.181,8.465,10,10,0,0.000,"1005:1, 1074:1, 1077:1, 1084:1, 1087:1, 1094:1, 1097:1, 1124:1, 1127:1, 1230:1",3050.7,0.0,0,0,2337,21,0,RTCM1005 age=0.6s,DONE dur=1145s obs=1122 acc=0.9994m valid=1 active=0 age=0.6s
2026-07-08 09:51:36,4.343,1.010,9.899,10,10,0,0.000,"1005:1, 1074:1, 1077:1, 1084:1, 1087:1, 1094:1, 1097:1, 1124:1, 1127:1, 1230:1",3559.7,0.0,0,0,2347,21,0,RTCM1005 age=0.6s,DONE dur=1145s obs=1122 acc=0.9994m valid=1 active=0 age=0.6s
2026-07-08 09:51:37,4.359,1.003,9.970,10,10,0,0.000,"1005:1, 1074:1, 1077:1, 1084:1, 1087:1, 1094:1, 1097:1, 1124:1, 1127:1, 1230:1",3585.4,0.0,0,0,2357,21,0,RTCM1005 age=0.6s,DONE dur=1145s obs=1122 acc=0.9994m valid=1 active=0 age=0.6s
2026-07-08 09:51:38,4.376,1.000,9.996,10,10,0,0.000,"1005:1, 1074:1, 1077:1, 1084:1, 1087:1, 1094:1, 1097:1, 1124:1, 1127:1, 1230:1",3594.7,0.0,0,0,2367,21,0,RTCM1005 age=0.6s,DONE dur=1145s obs=1122 acc=0.9994m valid=1 active=0 age=0.6s
2026-07-08 09:51:40,4.394,1.107,14.458,16,16,0,0.000,"1005:1, 1074:2, 1077:2, 1084:2, 1087:2, 1094:2, 1097:2, 1124:1, 1127:1, 1230:1",4174.6,0.0,0,0,2383,21,0,RTCM1005 age=0.7s,DONE dur=1145s obs=1122 acc=0.9994m valid=1 active=0 age=0.7s
2026-07-08 09:51:41,4.411,1.001,9.994,10,10,0,0.000,"1005:1, 1074:1, 1077:1, 1084:1, 1087:1, 1094:1, 1097:1, 1124:1, 1127:1, 1230:1",3594.0,0.0,0,0,2393,21,0,RTCM1005 age=0.7s,DONE dur=1145s obs=1122 acc=0.9994m valid=1 active=0 age=0.7s
2026-07-08 09:51:42,4.429,1.086,11.976,13,13,0,0.000,"1005:1, 1074:1, 1077:1, 1084:1, 1087:1, 1094:1, 1097:1, 1124:2, 1127:2, 1230:2",4292.8,0.0,0,0,2406,21,0,RTCM1005 age=0.8s,DONE dur=1145s obs=1122 acc=0.9994m valid=1 active=0 age=0.8s
2026-07-08 09:51:43,4.449,1.192,9.228,11,11,0,0.000,"1005:2, 1074:1, 1077:1, 1084:1, 1087:1, 1094:1, 1097:1, 1124:1, 1127:1, 1230:1",4384.0,0.0,0,0,2417,21,0,RTCM1005 age=0.0s,DONE dur=1145s obs=1122 acc=0.9994m valid=1 active=0 age=0.0s
2026-07-08 09:51:44,4.466,1.009,9.907,10,10,0,0.000,"1005:1, 1074:1, 1077:1, 1084:1, 1087:1, 1094:1, 1097:1, 1124:1, 1127:1, 1230:1",3602.3,0.0,0,0,2427,21,0,RTCM1005 age=0.0s,DONE dur=1145s obs=1122 acc=0.9994m valid=1 active=0 age=0.0s
2026-07-08 09:51:45,4.486,1.191,8.395,10,10,0,0.000,"1005:1, 1074:1, 1077:1, 1084:1, 1087:1, 1094:1, 1097:1, 1124:1, 1127:1, 1230:1",3052.3,0.0,0,0,2437,21,0,RTCM1005 age=0.2s,DONE dur=1145s obs=1122 acc=0.9994m valid=1 active=0 age=0.2s
2026-07-08 09:51:46,4.502,1.006,9.939,10,10,0,0.000,"1005:1, 1074:1, 1077:1, 1084:1, 1087:1, 1094:1, 1097:1, 1124:1, 1127:1, 1230:1",3613.7,0.0,0,0,2447,21,0,RTCM1005 age=0.2s,DONE dur=1145s obs=1122 acc=0.9994m valid=1 active=0 age=0.2s
2026-07-08 09:51:47,4.522,1.195,8.367,10,10,0,0.000,"1005:1, 1074:1, 1077:1, 1084:1, 1087:1, 1094:1, 1097:1, 1124:1, 1127:1, 1230:1",3053.2,0.0,0,0,2457,21,0,RTCM1005 age=0.4s,DONE dur=1145s obs=1122 acc=0.9994m valid=1 active=0 age=0.4s
2026-07-08 09:51:48,4.539,1.010,9.897,10,10,0,0.000,"1005:1, 1074:1, 1077:1, 1084:1, 1087:1, 1094:1, 1097:1, 1124:1, 1127:1, 1230:1",3613.5,0.0,0,0,2467,21,0,RTCM1005 age=0.4s,DONE dur=1145s obs=1122 acc=0.9994m valid=1 active=0 age=0.4s
2026-07-08 09:51:49,4.556,1.008,9.917,10,10,0,0.000,"1005:1, 1074:1, 1077:1, 1084:1, 1087:1, 1094:1, 1097:1, 1124:1, 1127:1, 1230:1",3618.9,0.0,0,0,2477,21,0,RTCM1005 age=0.4s,DONE dur=1145s obs=1122 acc=0.9994m valid=1 active=0 age=0.4s
2026-07-08 09:51:50,4.576,1.195,8.371,10,10,0,0.000,"1005:1, 1074:1, 1077:1, 1084:1, 1087:1, 1094:1, 1097:1, 1124:1, 1127:1, 1230:1",3054.4,0.0,0,0,2487,21,0,RTCM1005 age=0.6s,DONE dur=1145s obs=1122 acc=0.9994m valid=1 active=0 age=0.6s
2026-07-08 09:51:52,4.594,1.109,14.433,16,16,0,0.000,"1005:1, 1074:2, 1077:2, 1084:2, 1087:2, 1094:2, 1097:2, 1124:1, 1127:1, 1230:1",4179.2,0.0,0,0,2503,21,0,RTCM1005 age=0.7s,DONE dur=1145s obs=1122 acc=0.9994m valid=1 active=0 age=0.7s
2026-07-08 09:51:53,4.611,1.000,9.998,10,10,0,0.000,"1005:1, 1074:1, 1077:1, 1084:1, 1087:1, 1094:1, 1097:1, 1124:1, 1127:1, 1230:1",3608.4,0.0,0,0,2513,21,0,RTCM1005 age=0.7s,DONE dur=1145s obs=1122 acc=0.9994m valid=1 active=0 age=0.7s
2026-07-08 09:51:54,4.629,1.095,11.873,13,13,0,0.000,"1005:1, 1074:1, 1077:1, 1084:1, 1087:1, 1094:1, 1097:1, 1124:2, 1127:2, 1230:2",4231.3,0.0,0,0,2526,21,0,RTCM1005 age=0.8s,DONE dur=1145s obs=1122 acc=0.9994m valid=1 active=0 age=0.8s
2026-07-08 09:51:55,4.648,1.148,9.583,11,11,0,0.000,"1005:2, 1074:1, 1077:1, 1084:1, 1087:1, 1094:1, 1097:1, 1124:1, 1127:1, 1230:1",4526.6,0.0,0,0,2537,21,0,RTCM1005 age=0.0s,DONE dur=1145s obs=1122 acc=0.9994m valid=1 active=0 age=0.0s
2026-07-08 09:51:56,4.665,1.019,9.818,10,10,0,0.000,"1005:1, 1074:1, 1077:1, 1084:1, 1087:1, 1094:1, 1097:1, 1124:1, 1127:1, 1230:1",3568.7,0.0,0,0,2547,21,0,RTCM1005 age=0.0s,DONE dur=1145s obs=1122 acc=0.9994m valid=1 active=0 age=0.0s
2026-07-08 09:51:57,4.685,1.183,8.451,10,10,0,0.000,"1005:1, 1074:1, 1077:1, 1084:1, 1087:1, 1094:1, 1097:1, 1124:1, 1127:1, 1230:1",3105.9,0.0,0,0,2557,21,0,RTCM1005 age=0.2s,DONE dur=1145s obs=1122 acc=0.9994m valid=1 active=0 age=0.2s
2026-07-08 09:51:58,4.702,1.003,9.971,10,10,0,0.000,"1005:1, 1074:1, 1077:1, 1084:1, 1087:1, 1094:1, 1097:1, 1124:1, 1127:1, 1230:1",3651.5,0.0,0,0,2567,21,0,RTCM1005 age=0.2s,DONE dur=1145s obs=1122 acc=0.9994m valid=1 active=0 age=0.2s
2026-07-08 09:51:59,4.722,1.195,8.367,10,10,0,0.000,"1005:1, 1074:1, 1077:1, 1084:1, 1087:1, 1094:1, 1097:1, 1124:1, 1127:1, 1230:1",3064.1,0.0,0,0,2577,21,0,RTCM1005 age=0.4s,DONE dur=1145s obs=1122 acc=0.9994m valid=1 active=0 age=0.4s
2026-07-08 09:52:00,4.739,1.012,9.886,10,10,0,0.000,"1005:1, 1074:1, 1077:1, 1084:1, 1087:1, 1094:1, 1097:1, 1124:1, 1127:1, 1230:1",3645.8,0.0,0,0,2587,21,0,RTCM1005 age=0.4s,DONE dur=1145s obs=1122 acc=0.9994m valid=1 active=0 age=0.4s
2026-07-08 09:52:01,4.758,1.188,8.414,10,10,0,0.000,"1005:1, 1074:1, 1077:1, 1084:1, 1087:1, 1094:1, 1097:1, 1124:1, 1127:1, 1230:1",3103.2,0.0,0,0,2597,21,0,RTCM1005 age=0.6s,DONE dur=1145s obs=1122 acc=0.9994m valid=1 active=0 age=0.6s
2026-07-08 09:52:02,4.775,1.011,9.888,10,10,0,0.000,"1005:1, 1074:1, 1077:1, 1084:1, 1087:1, 1094:1, 1097:1, 1124:1, 1127:1, 1230:1",3646.8,0.0,0,0,2607,21,0,RTCM1005 age=0.6s,DONE dur=1145s obs=1122 acc=0.9994m valid=1 active=0 age=0.6s
2026-07-08 09:52:03,4.792,1.028,9.728,10,10,0,0.000,"1005:1, 1074:1, 1077:1, 1084:1, 1087:1, 1094:1, 1097:1, 1124:1, 1127:1, 1230:1",3600.4,0.0,0,0,2617,21,0,RTCM1005 age=0.6s,DONE dur=1145s obs=1122 acc=0.9994m valid=1 active=0 age=0.6s
2026-07-08 09:52:04,4.809,1.020,9.801,10,10,0,0.000,"1005:1, 1074:1, 1077:1, 1084:1, 1087:1, 1094:1, 1097:1, 1124:1, 1127:1, 1230:1",3589.0,0.0,0,0,2627,21,0,RTCM1005 age=0.6s,DONE dur=1145s obs=1122 acc=0.9994m valid=1 active=0 age=0.6s
2026-07-08 09:52:06,4.828,1.092,14.652,16,16,0,0.000,"1005:1, 1074:2, 1077:2, 1084:2, 1087:2, 1094:2, 1097:2, 1124:1, 1127:1, 1230:1",4279.2,0.0,0,0,2643,21,0,RTCM1005 age=0.7s,DONE dur=1145s obs=1122 acc=0.9994m valid=1 active=0 age=0.7s
2026-07-08 09:52:07,4.844,1.003,9.969,10,10,0,0.000,"1005:1, 1074:1, 1077:1, 1084:1, 1087:1, 1094:1, 1097:1, 1124:1, 1127:1, 1230:1",3637.5,0.0,0,0,2653,21,0,RTCM1005 age=0.7s,DONE dur=1145s obs=1122 acc=0.9994m valid=1 active=0 age=0.7s
2026-07-08 09:52:08,4.862,1.054,12.338,13,13,0,0.000,"1005:1, 1074:1, 1077:1, 1084:1, 1087:1, 1094:1, 1097:1, 1124:2, 1127:2, 1230:2",4422.8,0.0,0,0,2666,21,0,RTCM1005 age=0.8s,DONE dur=1145s obs=1122 acc=0.9994m valid=1 active=0 age=0.8s
2026-07-08 09:52:09,4.879,1.002,9.983,10,10,0,0.000,"1005:1, 1074:1, 1077:1, 1084:1, 1087:1, 1094:1, 1097:1, 1124:1, 1127:1, 1230:1",3642.8,0.0,0,0,2676,21,0,RTCM1005 age=0.8s,DONE dur=1145s obs=1122 acc=0.9994m valid=1 active=0 age=0.8s
2026-07-08 09:52:10,4.895,1.005,9.949,10,10,0,0.000,"1005:1, 1074:1, 1077:1, 1084:1, 1087:1, 1094:1, 1097:1, 1124:1, 1127:1, 1230:1",3632.3,0.0,0,0,2686,21,0,RTCM1005 age=0.8s,DONE dur=1145s obs=1122 acc=0.9994m valid=1 active=0 age=0.8s
2026-07-08 09:52:11,4.915,1.186,9.275,11,11,0,0.000,"1005:2, 1074:1, 1077:1, 1084:1, 1087:1, 1094:1, 1097:1, 1124:1, 1127:1, 1230:1",4371.2,0.0,0,0,2697,21,0,RTCM1005 age=0.0s,DONE dur=1145s obs=1122 acc=0.9994m valid=1 active=0 age=0.0s
2026-07-08 09:52:12,4.932,1.011,9.887,10,10,0,0.000,"1005:1, 1074:1, 1077:1, 1084:1, 1087:1, 1094:1, 1097:1, 1124:1, 1127:1, 1230:1",3555.4,0.0,0,0,2707,21,0,RTCM1005 age=0.0s,DONE dur=1145s obs=1122 acc=0.9994m valid=1 active=0 age=0.0s
2026-07-08 09:52:13,4.952,1.189,8.410,10,10,0,0.000,"1005:1, 1074:1, 1077:1, 1084:1, 1087:1, 1094:1, 1097:1, 1124:1, 1127:1, 1230:1",3024.2,0.0,0,0,2717,21,0,RTCM1005 age=0.2s,DONE dur=1145s obs=1122 acc=0.9994m valid=1 active=0 age=0.2s
2026-07-08 09:52:14,4.969,1.008,9.924,10,10,0,0.000,"1005:1, 1074:1, 1077:1, 1084:1, 1087:1, 1094:1, 1097:1, 1124:1, 1127:1, 1230:1",3517.2,0.0,0,0,2727,21,0,RTCM1005 age=0.2s,DONE dur=1145s obs=1122 acc=0.9994m valid=1 active=0 age=0.2s
2026-07-08 09:52:15,4.989,1.196,8.360,10,10,0,0.000,"1005:1, 1074:1, 1077:1, 1084:1, 1087:1, 1094:1, 1097:1, 1124:1, 1127:1, 1230:1",2972.1,0.0,0,0,2737,21,0,RTCM1005 age=0.4s,DONE dur=1145s obs=1122 acc=0.9994m valid=1 active=0 age=0.4s
2026-07-08 09:52:16,5.005,1.005,9.948,10,10,0,0.000,"1005:1, 1074:1, 1077:1, 1084:1, 1087:1, 1094:1, 1097:1, 1124:1, 1127:1, 1230:1",3516.6,0.0,0,0,2747,21,0,RTCM1005 age=0.4s,DONE dur=1145s obs=1122 acc=0.9994m valid=1 active=0 age=0.4s
2026-07-08 09:52:17,5.025,1.194,8.374,10,10,0,0.000,"1005:1, 1074:1, 1077:1, 1084:1, 1087:1, 1094:1, 1097:1, 1124:1, 1127:1, 1230:1",2966.2,0.0,0,0,2757,21,0,RTCM1005 age=0.6s,DONE dur=1145s obs=1122 acc=0.9994m valid=1 active=0 age=0.6s
2026-07-08 09:52:18,5.042,1.011,9.895,10,10,0,0.000,"1005:1, 1074:1, 1077:1, 1084:1, 1087:1, 1094:1, 1097:1, 1124:1, 1127:1, 1230:1",3517.6,0.0,0,0,2767,21,0,RTCM1005 age=0.6s,DONE dur=1145s obs=1122 acc=0.9994m valid=1 active=0 age=0.6s
2026-07-08 09:52:20,5.061,1.137,14.069,16,16,0,0.000,"1005:1, 1074:2, 1077:2, 1084:2, 1087:2, 1094:2, 1097:2, 1124:1, 1127:1, 1230:1",4014.8,0.0,0,0,2783,21,0,RTCM1005 age=0.8s,DONE dur=1145s obs=1122 acc=0.9994m valid=1 active=0 age=0.8s
2026-07-08 09:52:21,5.078,1.005,9.947,10,10,0,0.000,"1005:1, 1074:1, 1077:1, 1084:1, 1087:1, 1094:1, 1097:1, 1124:1, 1127:1, 1230:1",3512.3,0.0,0,0,2793,21,0,RTCM1005 age=0.8s,DONE dur=1145s obs=1122 acc=0.9994m valid=1 active=0 age=0.8s
2026-07-08 09:52:22,5.095,1.055,12.319,13,13,0,0.000,"1005:1, 1074:1, 1077:1, 1084:1, 1087:1, 1094:1, 1097:1, 1124:2, 1127:2, 1230:2",4341.0,0.0,0,0,2806,21,0,RTCM1005 age=0.8s,DONE dur=1145s obs=1122 acc=0.9994m valid=1 active=0 age=0.8s
2026-07-08 09:52:23,5.115,1.195,9.202,11,11,0,0.000,"1005:2, 1074:1, 1077:1, 1084:1, 1087:1, 1094:1, 1097:1, 1124:1, 1127:1, 1230:1",4205.5,0.0,0,0,2817,21,0,RTCM1005 age=0.0s,DONE dur=1145s obs=1122 acc=0.9994m valid=1 active=0 age=0.0s
2026-07-08 09:52:24,5.132,1.011,9.890,10,10,0,0.000,"1005:1, 1074:1, 1077:1, 1084:1, 1087:1, 1094:1, 1097:1, 1124:1, 1127:1, 1230:1",3505.1,0.0,0,0,2827,21,0,RTCM1005 age=0.0s,DONE dur=1145s obs=1122 acc=0.9994m valid=1 active=0 age=0.0s
2026-07-08 09:52:25,5.152,1.192,8.389,10,10,0,0.000,"1005:1, 1074:1, 1077:1, 1084:1, 1087:1, 1094:1, 1097:1, 1124:1, 1127:1, 1230:1",2979.7,0.0,0,0,2837,21,0,RTCM1005 age=0.2s,DONE dur=1145s obs=1122 acc=0.9994m valid=1 active=0 age=0.2s
2026-07-08 09:52:26,5.169,1.004,9.956,10,10,0,0.000,"1005:1, 1074:1, 1077:1, 1084:1, 1087:1, 1094:1, 1097:1, 1124:1, 1127:1, 1230:1",3515.5,0.0,0,0,2847,21,0,RTCM1005 age=0.2s,DONE dur=1145s obs=1122 acc=0.9994m valid=1 active=0 age=0.2s
2026-07-08 09:52:27,5.188,1.183,8.456,10,10,0,0.000,"1005:1, 1074:1, 1077:1, 1084:1, 1087:1, 1094:1, 1097:1, 1124:1, 1127:1, 1230:1",2996.9,0.0,0,0,2857,21,0,RTCM1005 age=0.4s,DONE dur=1145s obs=1122 acc=0.9994m valid=1 active=0 age=0.4s
2026-07-08 09:52:28,5.205,1.013,9.876,10,10,0,0.000,"1005:1, 1074:1, 1077:1, 1084:1, 1087:1, 1094:1, 1097:1, 1124:1, 1127:1, 1230:1",3512.9,0.0,0,0,2867,21,0,RTCM1005 age=0.4s,DONE dur=1145s obs=1122 acc=0.9994m valid=1 active=0 age=0.4s
2026-07-08 09:52:29,5.225,1.191,8.396,10,10,0,0.000,"1005:1, 1074:1, 1077:1, 1084:1, 1087:1, 1094:1, 1097:1, 1124:1, 1127:1, 1230:1",2988.1,0.0,0,0,2877,21,0,RTCM1005 age=0.6s,DONE dur=1145s obs=1122 acc=0.9994m valid=1 active=0 age=0.6s
2026-07-08 09:52:30,5.242,1.010,9.903,10,10,0,0.000,"1005:1, 1074:1, 1077:1, 1084:1, 1087:1, 1094:1, 1097:1, 1124:1, 1127:1, 1230:1",3522.4,0.0,0,0,2887,21,0,RTCM1005 age=0.6s,DONE dur=1145s obs=1122 acc=0.9994m valid=1 active=0 age=0.6s
2026-07-08 09:52:32,5.261,1.146,13.956,16,16,0,0.000,"1005:1, 1074:2, 1077:2, 1084:2, 1087:2, 1094:2, 1097:2, 1124:1, 1127:1, 1230:1",3997.5,0.0,0,0,2903,21,0,RTCM1005 age=0.8s,DONE dur=1145s obs=1122 acc=0.9994m valid=1 active=0 age=0.8s
2026-07-08 09:52:33,5.279,1.051,12.367,13,13,0,0.000,"1005:1, 1074:1, 1077:1, 1084:1, 1087:1, 1094:1, 1097:1, 1124:2, 1127:2, 1230:2",4359.8,0.0,0,0,2916,21,0,RTCM1005 age=0.8s,DONE dur=1145s obs=1122 acc=0.9994m valid=1 active=0 age=0.8s
2026-07-08 09:52:34,5.295,1.004,9.959,10,10,0,0.000,"1005:1, 1074:1, 1077:1, 1084:1, 1087:1, 1094:1, 1097:1, 1124:1, 1127:1, 1230:1",3544.3,0.0,0,0,2926,21,0,RTCM1005 age=0.8s,DONE dur=1145s obs=1122 acc=0.9994m valid=1 active=0 age=0.8s
2026-07-08 09:52:35,5.315,1.193,9.223,11,11,0,0.000,"1005:2, 1074:1, 1077:1, 1084:1, 1087:1, 1094:1, 1097:1, 1124:1, 1127:1, 1230:1",4183.8,0.0,0,0,2937,21,0,RTCM1005 age=0.0s,DONE dur=1145s obs=1122 acc=0.9994m valid=1 active=0 age=0.0s
2026-07-08 09:52:36,5.335,1.200,8.332,10,10,0,0.000,"1005:1, 1074:1, 1077:1, 1084:1, 1087:1, 1094:1, 1097:1, 1124:1, 1127:1, 1230:1",2931.9,0.0,0,0,2947,21,0,RTCM1005 age=0.2s,DONE dur=1145s obs=1122 acc=0.9994m valid=1 active=0 age=0.2s
2026-07-08 09:52:37,5.355,1.195,8.372,10,10,0,0.000,"1005:1, 1074:1, 1077:1, 1084:1, 1087:1, 1094:1, 1097:1, 1124:1, 1127:1, 1230:1",2952.7,0.0,0,0,2957,21,0,RTCM1005 age=0.4s,DONE dur=1145s obs=1122 acc=0.9994m valid=1 active=0 age=0.4s
2026-07-08 09:52:38,5.372,1.015,9.853,10,10,0,0.000,"1005:1, 1074:1, 1077:1, 1084:1, 1087:1, 1094:1, 1097:1, 1124:1, 1127:1, 1230:1",3467.4,0.0,0,0,2967,21,0,RTCM1005 age=0.4s,DONE dur=1145s obs=1122 acc=0.9994m valid=1 active=0 age=0.4s
2026-07-08 09:52:39,5.392,1.200,8.334,10,10,0,0.000,"1005:1, 1074:1, 1077:1, 1084:1, 1087:1, 1094:1, 1097:1, 1124:1, 1127:1, 1230:1",2955.3,0.0,0,0,2977,21,0,RTCM1005 age=0.6s,DONE dur=1145s obs=1122 acc=0.9994m valid=1 active=0 age=0.6s
2026-07-08 09:52:40,5.409,1.001,9.992,10,10,0,0.000,"1005:1, 1074:1, 1077:1, 1084:1, 1087:1, 1094:1, 1097:1, 1124:1, 1127:1, 1230:1",3543.3,0.0,0,0,2987,21,0,RTCM1005 age=0.6s,DONE dur=1145s obs=1122 acc=0.9994m valid=1 active=0 age=0.6s
2026-07-08 09:52:41,5.426,1.030,9.709,10,10,0,0.000,"1005:1, 1074:1, 1077:1, 1084:1, 1087:1, 1094:1, 1097:1, 1124:1, 1127:1, 1230:1",3493.3,0.0,0,0,2997,21,0,RTCM1005 age=0.6s,DONE dur=1145s obs=1122 acc=0.9994m valid=1 active=0 age=0.6s
2026-07-08 09:52:43,5.444,1.106,14.469,16,16,0,0.000,"1005:1, 1074:2, 1077:2, 1084:2, 1087:2, 1094:2, 1097:2, 1124:1, 1127:1, 1230:1",4179.8,0.0,0,0,3013,21,0,RTCM1005 age=0.7s,DONE dur=1145s obs=1122 acc=0.9994m valid=1 active=0 age=0.7s
2026-07-08 09:52:44,5.462,1.085,11.981,13,13,0,0.000,"1005:1, 1074:1, 1077:1, 1084:1, 1087:1, 1094:1, 1097:1, 1124:2, 1127:2, 1230:2",4259.6,0.0,0,0,3026,21,0,RTCM1005 age=0.8s,DONE dur=1145s obs=1122 acc=0.9994m valid=1 active=0 age=0.8s
2026-07-08 09:52:45,5.482,1.198,9.181,11,11,0,0.000,"1005:2, 1074:1, 1077:1, 1084:1, 1087:1, 1094:1, 1097:1, 1124:1, 1127:1, 1230:1",4316.5,0.0,0,0,3037,21,0,RTCM1005 age=0.0s,DONE dur=1145s obs=1122 acc=0.9994m valid=1 active=0 age=0.0s
2026-07-08 09:52:46,5.499,1.005,9.947,10,10,0,0.000,"1005:1, 1074:1, 1077:1, 1084:1, 1087:1, 1094:1, 1097:1, 1124:1, 1127:1, 1230:1",3551.0,0.0,0,0,3047,21,0,RTCM1005 age=0.0s,DONE dur=1145s obs=1122 acc=0.9994m valid=1 active=0 age=0.0s
2026-07-08 09:52:47,5.519,1.194,8.378,10,10,0,0.000,"1005:1, 1074:1, 1077:1, 1084:1, 1087:1, 1094:1, 1097:1, 1124:1, 1127:1, 1230:1",2991.0,0.0,0,0,3057,21,0,RTCM1005 age=0.2s,DONE dur=1145s obs=1122 acc=0.9994m valid=1 active=0 age=0.2s
2026-07-08 09:52:48,5.536,1.011,9.896,10,10,0,0.000,"1005:1, 1074:1, 1077:1, 1084:1, 1087:1, 1094:1, 1097:1, 1124:1, 1127:1, 1230:1",3532.9,0.0,0,0,3067,21,0,RTCM1005 age=0.2s,DONE dur=1145s obs=1122 acc=0.9994m valid=1 active=0 age=0.2s
2026-07-08 09:52:49,5.556,1.195,8.368,10,10,0,0.000,"1005:1, 1074:1, 1077:1, 1084:1, 1087:1, 1094:1, 1097:1, 1124:1, 1127:1, 1230:1",2989.0,0.0,0,0,3077,21,0,RTCM1005 age=0.4s,DONE dur=1145s obs=1122 acc=0.9994m valid=1 active=0 age=0.4s
2026-07-08 09:52:50,5.573,1.006,9.939,10,10,0,0.000,"1005:1, 1074:1, 1077:1, 1084:1, 1087:1, 1094:1, 1097:1, 1124:1, 1127:1, 1230:1",3589.0,0.0,0,0,3087,21,0,RTCM1005 age=0.4s,DONE dur=1145s obs=1122 acc=0.9994m valid=1 active=0 age=0.4s
2026-07-08 09:52:51,5.592,1.188,8.416,10,10,0,0.000,"1005:1, 1074:1, 1077:1, 1084:1, 1087:1, 1094:1, 1097:1, 1124:1, 1127:1, 1230:1",3038.9,0.0,0,0,3097,21,0,RTCM1005 age=0.6s,DONE dur=1145s obs=1122 acc=0.9994m valid=1 active=0 age=0.6s
2026-07-08 09:52:52,5.609,1.021,9.791,10,10,0,0.000,"1005:1, 1074:1, 1077:1, 1084:1, 1087:1, 1094:1, 1097:1, 1124:1, 1127:1, 1230:1",3535.5,0.0,0,0,3107,21,0,RTCM1005 age=0.6s,DONE dur=1145s obs=1122 acc=0.9994m valid=1 active=0 age=0.6s
2026-07-08 09:52:54,5.628,1.103,14.506,16,16,0,0.000,"1005:1, 1074:2, 1077:2, 1084:2, 1087:2, 1094:2, 1097:2, 1124:1, 1127:1, 1230:1",4232.2,0.0,0,0,3123,21,0,RTCM1005 age=0.7s,DONE dur=1145s obs=1122 acc=0.9994m valid=1 active=0 age=0.7s
2026-07-08 09:52:55,5.646,1.086,11.969,13,13,0,0.000,"1005:1, 1074:1, 1077:1, 1084:1, 1087:1, 1094:1, 1097:1, 1124:2, 1127:2, 1230:2",4285.9,0.0,0,0,3136,21,0,RTCM1005 age=0.8s,DONE dur=1145s obs=1122 acc=0.9994m valid=1 active=0 age=0.8s
2026-07-08 09:52:56,5.663,1.008,9.920,10,10,0,0.000,"1005:1, 1074:1, 1077:1, 1084:1, 1087:1, 1094:1, 1097:1, 1124:1, 1127:1, 1230:1",3601.8,0.0,0,0,3146,21,0,RTCM1005 age=0.8s,DONE dur=1145s obs=1122 acc=0.9994m valid=1 active=0 age=0.8s
2026-07-08 09:52:57,5.682,1.184,9.289,11,11,0,0.000,"1005:2, 1074:1, 1077:1, 1084:1, 1087:1, 1094:1, 1097:1, 1124:1, 1127:1, 1230:1",4393.8,0.0,0,0,3157,21,0,RTCM1005 age=0.0s,DONE dur=1145s obs=1122 acc=0.9994m valid=1 active=0 age=0.0s
2026-07-08 09:52:58,5.699,1.004,9.961,10,10,0,0.000,"1005:1, 1074:1, 1077:1, 1084:1, 1087:1, 1094:1, 1097:1, 1124:1, 1127:1, 1230:1",3593.0,0.0,0,0,3167,21,0,RTCM1005 age=0.0s,DONE dur=1145s obs=1122 acc=0.9994m valid=1 active=0 age=0.0s
2026-07-08 09:52:59,5.719,1.189,8.408,10,10,0,0.000,"1005:1, 1074:1, 1077:1, 1084:1, 1087:1, 1094:1, 1097:1, 1124:1, 1127:1, 1230:1",3032.9,0.0,0,0,3177,21,0,RTCM1005 age=0.2s,DONE dur=1145s obs=1122 acc=0.9994m valid=1 active=0 age=0.2s
2026-07-08 09:53:00,5.736,1.008,8.927,9,9,0,0.000,"1074:1, 1077:1, 1084:1, 1087:1, 1094:1, 1097:1, 1124:1, 1127:1, 1230:1",3577.9,0.0,0,0,3186,21,0,RTCM1005 age=1.2s,DONE dur=1145s obs=1122 acc=0.9994m valid=1 active=0 age=0.2s
2026-07-08 09:53:01,5.756,1.198,2.504,3,4,1,25.000,"1005:1, 1127:1, 1230:1",3010.4,0.0,0,0,3189,22,0,RTCM1005 age=0.4s,DONE dur=1145s obs=1122 acc=0.9994m valid=1 active=0 age=0.4s
2026-07-08 09:53:02,5.775,1.172,8.529,10,10,0,0.000,"1005:1, 1074:1, 1077:1, 1084:1, 1087:1, 1094:1, 1097:1, 1124:1, 1127:1, 1230:1",3065.4,0.0,0,0,3199,22,0,RTCM1005 age=0.6s,DONE dur=1145s obs=1122 acc=0.9994m valid=1 active=0 age=0.6s
2026-07-08 09:53:04,5.794,1.151,13.904,16,16,0,0.000,"1005:1, 1074:2, 1077:2, 1084:2, 1087:2, 1094:2, 1097:2, 1124:1, 1127:1, 1230:1",4046.9,0.0,0,0,3215,22,0,RTCM1005 age=0.8s,DONE dur=1145s obs=1122 acc=0.9994m valid=1 active=0 age=0.8s
2026-07-08 09:53:05,5.812,1.048,12.410,13,13,0,0.000,"1005:1, 1074:1, 1077:1, 1084:1, 1087:1, 1094:1, 1097:1, 1124:2, 1127:2, 1230:2",4482.7,0.0,0,0,3228,22,0,RTCM1005 age=0.8s,DONE dur=1145s obs=1122 acc=0.9994m valid=1 active=0 age=0.8s
2026-07-08 09:53:06,5.829,1.003,9.974,10,10,0,0.000,"1005:1, 1074:1, 1077:1, 1084:1, 1087:1, 1094:1, 1097:1, 1124:1, 1127:1, 1230:1",3702.2,0.0,0,0,3238,22,0,RTCM1005 age=0.8s,DONE dur=1145s obs=1122 acc=0.9994m valid=1 active=0 age=0.8s
2026-07-08 09:53:07,5.848,1.191,9.237,11,11,0,0.000,"1005:2, 1074:1, 1077:1, 1084:1, 1087:1, 1094:1, 1097:1, 1124:1, 1127:1, 1230:1",4468.1,0.0,0,0,3249,22,0,RTCM1005 age=0.0s,DONE dur=1145s obs=1122 acc=0.9994m valid=1 active=0 age=0.0s
2026-07-08 09:53:08,5.866,1.048,9.539,10,10,0,0.000,"1005:1, 1074:1, 1077:1, 1084:1, 1087:1, 1094:1, 1097:1, 1124:1, 1127:1, 1230:1",3498.8,0.0,0,0,3259,22,0,RTCM1005 age=0.0s,DONE dur=1145s obs=1122 acc=0.9994m valid=1 active=0 age=0.0s
2026-07-08 09:53:09,5.886,1.192,8.387,10,10,0,0.000,"1005:1, 1074:1, 1077:1, 1084:1, 1087:1, 1094:1, 1097:1, 1124:1, 1127:1, 1230:1",3043.5,0.0,0,0,3269,22,0,RTCM1005 age=0.2s,DONE dur=1145s obs=1122 acc=0.9994m valid=1 active=0 age=0.2s
2026-07-08 09:53:10,5.903,1.018,9.821,10,10,0,0.000,"1005:1, 1074:1, 1077:1, 1084:1, 1087:1, 1094:1, 1097:1, 1124:1, 1127:1, 1230:1",3563.9,0.0,0,0,3279,22,0,RTCM1005 age=0.2s,DONE dur=1145s obs=1122 acc=0.9994m valid=1 active=0 age=0.2s
2026-07-08 09:53:11,5.923,1.190,8.403,10,10,0,0.000,"1005:1, 1074:1, 1077:1, 1084:1, 1087:1, 1094:1, 1097:1, 1124:1, 1127:1, 1230:1",3049.4,0.0,0,0,3289,22,0,RTCM1005 age=0.4s,DONE dur=1145s obs=1122 acc=0.9994m valid=1 active=0 age=0.4s
2026-07-08 09:53:12,5.939,1.006,9.936,10,10,0,0.000,"1005:1, 1074:1, 1077:1, 1084:1, 1087:1, 1094:1, 1097:1, 1124:1, 1127:1, 1230:1",3605.8,0.0,0,0,3299,22,0,RTCM1005 age=0.4s,DONE dur=1145s obs=1122 acc=0.9994m valid=1 active=0 age=0.4s
2026-07-08 09:53:13,5.959,1.182,8.458,10,10,0,0.000,"1005:1, 1074:1, 1077:1, 1084:1, 1087:1, 1094:1, 1097:1, 1124:1, 1127:1, 1230:1",3069.3,0.0,0,0,3309,22,0,RTCM1005 age=0.6s,DONE dur=1145s obs=1122 acc=0.9994m valid=1 active=0 age=0.6s
2026-07-08 09:53:14,5.976,1.007,9.930,10,10,0,0.000,"1005:1, 1074:1, 1077:1, 1084:1, 1087:1, 1094:1, 1097:1, 1124:1, 1127:1, 1230:1",3603.7,0.0,0,0,3319,22,0,RTCM1005 age=0.6s,DONE dur=1145s obs=1122 acc=0.9994m valid=1 active=0 age=0.6s
2026-07-08 09:53:16,5.994,1.105,14.479,16,16,0,0.000,"1005:1, 1074:2, 1077:2, 1084:2, 1087:2, 1094:2, 1097:2, 1124:1, 1127:1, 1230:1",4212.4,0.0,0,0,3335,22,0,RTCM1005 age=0.7s,DONE dur=1145s obs=1122 acc=0.9994m valid=1 active=0 age=0.7s
2026-07-08 09:53:17,6.011,1.003,9.974,10,10,0,0.000,"1005:1, 1074:1, 1077:1, 1084:1, 1087:1, 1094:1, 1097:1, 1124:1, 1127:1, 1230:1",3621.4,0.0,0,0,3345,22,0,RTCM1005 age=0.7s,DONE dur=1145s obs=1122 acc=0.9994m valid=1 active=0 age=0.7s
2026-07-08 09:53:18,6.028,1.006,9.944,10,10,0,0.000,"1005:1, 1074:1, 1077:1, 1084:1, 1087:1, 1094:1, 1097:1, 1124:1, 1127:1, 1230:1",3610.7,0.0,0,0,3355,22,0,RTCM1005 age=0.7s,DONE dur=1145s obs=1122 acc=0.9994m valid=1 active=0 age=0.7s
2026-07-08 09:53:19,6.046,1.075,12.096,13,13,0,0.000,"1005:1, 1074:1, 1077:1, 1084:1, 1087:1, 1094:1, 1097:1, 1124:2, 1127:2, 1230:2",4300.6,0.0,0,0,3368,22,0,RTCM1005 age=0.8s,DONE dur=1145s obs=1122 acc=0.9994m valid=1 active=0 age=0.8s
2026-07-08 09:53:20,6.063,1.017,9.829,10,10,0,0.000,"1005:1, 1074:1, 1077:1, 1084:1, 1087:1, 1094:1, 1097:1, 1124:1, 1127:1, 1230:1",3536.3,0.0,0,0,3378,22,0,RTCM1005 age=0.8s,DONE dur=1145s obs=1122 acc=0.9994m valid=1 active=0 age=0.8s
2026-07-08 09:53:21,6.082,1.185,9.280,11,11,0,0.000,"1005:2, 1074:1, 1077:1, 1084:1, 1087:1, 1094:1, 1097:1, 1124:1, 1127:1, 1230:1",4375.8,0.0,0,0,3389,22,0,RTCM1005 age=0.0s,DONE dur=1145s obs=1122 acc=0.9994m valid=1 active=0 age=0.0s
2026-07-08 09:53:22,6.099,1.012,9.879,10,10,0,0.000,"1005:1, 1074:1, 1077:1, 1084:1, 1087:1, 1094:1, 1097:1, 1124:1, 1127:1, 1230:1",3541.6,0.0,0,0,3399,22,0,RTCM1005 age=0.0s,DONE dur=1145s obs=1122 acc=0.9994m valid=1 active=0 age=0.0s
2026-07-08 09:53:23,6.119,1.195,8.368,10,10,0,0.000,"1005:1, 1074:1, 1077:1, 1084:1, 1087:1, 1094:1, 1097:1, 1124:1, 1127:1, 1230:1",2978.2,0.0,0,0,3409,22,0,RTCM1005 age=0.2s,DONE dur=1145s obs=1122 acc=0.9994m valid=1 active=0 age=0.2s
2026-07-08 09:53:24,6.136,1.006,9.944,10,10,0,0.000,"1005:1, 1074:1, 1077:1, 1084:1, 1087:1, 1094:1, 1097:1, 1124:1, 1127:1, 1230:1",3539.0,0.0,0,0,3419,22,0,RTCM1005 age=0.2s,DONE dur=1145s obs=1122 acc=0.9994m valid=1 active=0 age=0.2s
2026-07-08 09:53:25,6.156,1.195,8.370,10,10,0,0.000,"1005:1, 1074:1, 1077:1, 1084:1, 1087:1, 1094:1, 1097:1, 1124:1, 1127:1, 1230:1",2968.1,0.0,0,0,3429,22,0,RTCM1005 age=0.4s,DONE dur=1145s obs=1122 acc=0.9994m valid=1 active=0 age=0.4s
2026-07-08 09:53:26,6.175,1.174,8.520,10,10,0,0.000,"1005:1, 1074:1, 1077:1, 1084:1, 1087:1, 1094:1, 1097:1, 1124:1, 1127:1, 1230:1",3032.2,0.0,0,0,3439,22,0,RTCM1005 age=0.6s,DONE dur=1145s obs=1122 acc=0.9994m valid=1 active=0 age=0.6s
2026-07-08 09:53:28,6.194,1.135,14.092,16,16,0,0.000,"1005:1, 1074:2, 1077:2, 1084:2, 1087:2, 1094:2, 1097:2, 1124:1, 1127:1, 1230:1",4025.1,0.0,0,0,3455,22,0,RTCM1005 age=0.7s,DONE dur=1145s obs=1122 acc=0.9994m valid=1 active=0 age=0.7s
2026-07-08 09:53:29,6.211,1.002,9.975,10,10,0,0.000,"1005:1, 1074:1, 1077:1, 1084:1, 1087:1, 1094:1, 1097:1, 1124:1, 1127:1, 1230:1",3524.3,0.0,0,0,3465,22,0,RTCM1005 age=0.8s,DONE dur=1145s obs=1122 acc=0.9994m valid=1 active=0 age=0.8s
2026-07-08 09:53:30,6.229,1.054,12.339,13,13,0,0.000,"1005:1, 1074:1, 1077:1, 1084:1, 1087:1, 1094:1, 1097:1, 1124:2, 1127:2, 1230:2",4337.5,0.0,0,0,3478,22,0,RTCM1005 age=0.8s,DONE dur=1145s obs=1122 acc=0.9994m valid=1 active=0 age=0.8s
2026-07-08 09:53:31,6.248,1.189,9.248,11,11,0,0.000,"1005:2, 1074:1, 1077:1, 1084:1, 1087:1, 1094:1, 1097:1, 1124:1, 1127:1, 1230:1",4229.5,0.0,0,0,3489,22,0,RTCM1005 age=0.0s,DONE dur=1145s obs=1122 acc=0.9994m valid=1 active=0 age=0.0s
2026-07-08 09:53:32,6.268,1.199,8.341,10,10,0,0.000,"1005:1, 1074:1, 1077:1, 1084:1, 1087:1, 1094:1, 1097:1, 1124:1, 1127:1, 1230:1",2957.6,0.0,0,0,3499,22,0,RTCM1005 age=0.2s,DONE dur=1145s obs=1122 acc=0.9994m valid=1 active=0 age=0.2s
2026-07-08 09:53:33,6.285,1.006,9.937,10,10,0,0.000,"1005:1, 1074:1, 1077:1, 1084:1, 1087:1, 1094:1, 1097:1, 1124:1, 1127:1, 1230:1",3525.8,0.0,0,0,3509,22,0,RTCM1005 age=0.2s,DONE dur=1145s obs=1122 acc=0.9994m valid=1 active=0 age=0.2s
2026-07-08 09:53:34,6.302,1.013,9.873,10,10,0,0.000,"1005:1, 1074:1, 1077:1, 1084:1, 1087:1, 1094:1, 1097:1, 1124:1, 1127:1, 1230:1",3503.0,0.0,0,0,3519,22,0,RTCM1005 age=0.2s,DONE dur=1145s obs=1122 acc=0.9994m valid=1 active=0 age=0.2s
2026-07-08 09:53:35,6.322,1.193,8.384,10,10,0,0.000,"1005:1, 1074:1, 1077:1, 1084:1, 1087:1, 1094:1, 1097:1, 1124:1, 1127:1, 1230:1",2963.8,0.0,0,0,3529,22,0,RTCM1005 age=0.4s,DONE dur=1145s obs=1122 acc=0.9994m valid=1 active=0 age=0.4s
2026-07-08 09:53:36,6.339,1.002,9.977,10,10,0,0.000,"1005:1, 1074:1, 1077:1, 1084:1, 1087:1, 1094:1, 1097:1, 1124:1, 1127:1, 1230:1",3540.0,0.0,0,0,3539,22,0,RTCM1005 age=0.4s,DONE dur=1145s obs=1122 acc=0.9994m valid=1 active=0 age=0.4s
2026-07-08 09:53:37,6.358,1.191,8.398,10,10,0,0.000,"1005:1, 1074:1, 1077:1, 1084:1, 1087:1, 1094:1, 1097:1, 1124:1, 1127:1, 1230:1",2979.5,0.0,0,0,3549,22,0,RTCM1005 age=0.6s,DONE dur=1145s obs=1122 acc=0.9994m valid=1 active=0 age=0.6s
2026-07-08 09:53:38,6.375,1.012,9.881,10,10,0,0.000,"1005:1, 1074:1, 1077:1, 1084:1, 1087:1, 1094:1, 1097:1, 1124:1, 1127:1, 1230:1",3505.7,0.0,0,0,3559,22,0,RTCM1005 age=0.6s,DONE dur=1145s obs=1122 acc=0.9994m valid=1 active=0 age=0.6s
2026-07-08 09:53:40,6.394,1.136,14.082,16,16,0,0.000,"1005:1, 1074:2, 1077:2, 1084:2, 1087:2, 1094:2, 1097:2, 1124:1, 1127:1, 1230:1",4035.4,0.0,0,0,3575,22,0,RTCM1005 age=0.7s,DONE dur=1145s obs=1122 acc=0.9994m valid=1 active=0 age=0.7s
2026-07-08 09:53:41,6.411,1.007,9.931,10,10,0,0.000,"1005:1, 1074:1, 1077:1, 1084:1, 1087:1, 1094:1, 1097:1, 1124:1, 1127:1, 1230:1",3523.5,0.0,0,0,3585,22,0,RTCM1005 age=0.8s,DONE dur=1145s obs=1122 acc=0.9994m valid=1 active=0 age=0.8s
2026-07-08 09:53:42,6.429,1.059,12.281,13,13,0,0.000,"1005:1, 1074:1, 1077:1, 1084:1, 1087:1, 1094:1, 1097:1, 1124:2, 1127:2, 1230:2",4319.2,0.0,0,0,3598,22,0,RTCM1005 age=0.8s,DONE dur=1145s obs=1122 acc=0.9994m valid=1 active=0 age=0.8s
2026-07-08 09:53:43,6.448,1.184,9.290,11,11,0,0.000,"1005:2, 1074:1, 1077:1, 1084:1, 1087:1, 1094:1, 1097:1, 1124:1, 1127:1, 1230:1",4296.1,0.0,0,0,3609,22,0,RTCM1005 age=0.0s,DONE dur=1145s obs=1122 acc=0.9994m valid=1 active=0 age=0.0s
2026-07-08 09:53:44,6.465,1.005,9.950,10,10,0,0.000,"1005:1, 1074:1, 1077:1, 1084:1, 1087:1, 1094:1, 1097:1, 1124:1, 1127:1, 1230:1",3569.2,0.0,0,0,3619,22,0,RTCM1005 age=0.0s,DONE dur=1145s obs=1122 acc=0.9994m valid=1 active=0 age=0.0s
2026-07-08 09:53:45,6.485,1.197,8.357,10,10,0,0.000,"1005:1, 1074:1, 1077:1, 1084:1, 1087:1, 1094:1, 1097:1, 1124:1, 1127:1, 1230:1",2997.6,0.0,0,0,3629,22,0,RTCM1005 age=0.2s,DONE dur=1145s obs=1122 acc=0.9994m valid=1 active=0 age=0.2s
2026-07-08 09:53:46,6.502,1.004,9.965,10,10,0,0.000,"1005:1, 1074:1, 1077:1, 1084:1, 1087:1, 1094:1, 1097:1, 1124:1, 1127:1, 1230:1",3574.4,0.0,0,0,3639,22,0,RTCM1005 age=0.2s,DONE dur=1145s obs=1122 acc=0.9994m valid=1 active=0 age=0.2s
2026-07-08 09:53:47,6.522,1.196,8.360,10,10,0,0.000,"1005:1, 1074:1, 1077:1, 1084:1, 1087:1, 1094:1, 1097:1, 1124:1, 1127:1, 1230:1",2998.6,0.0,0,0,3649,22,0,RTCM1005 age=0.4s,DONE dur=1145s obs=1122 acc=0.9994m valid=1 active=0 age=0.4s
2026-07-08 09:53:48,6.538,1.001,9.990,10,10,0,0.000,"1005:1, 1074:1, 1077:1, 1084:1, 1087:1, 1094:1, 1097:1, 1124:1, 1127:1, 1230:1",3583.4,0.0,0,0,3659,22,0,RTCM1005 age=0.4s,DONE dur=1145s obs=1122 acc=0.9994m valid=1 active=0 age=0.4s
2026-07-08 09:53:49,6.558,1.196,8.360,10,10,0,0.000,"1005:1, 1074:1, 1077:1, 1084:1, 1087:1, 1094:1, 1097:1, 1124:1, 1127:1, 1230:1",2995.4,0.0,0,0,3669,22,0,RTCM1005 age=0.6s,DONE dur=1145s obs=1122 acc=0.9994m valid=1 active=0 age=0.6s
2026-07-08 09:53:50,6.575,1.011,9.894,10,10,0,0.000,"1005:1, 1074:1, 1077:1, 1084:1, 1087:1, 1094:1, 1097:1, 1124:1, 1127:1, 1230:1",3545.2,0.0,0,0,3679,22,0,RTCM1005 age=0.6s,DONE dur=1145s obs=1122 acc=0.9994m valid=1 active=0 age=0.6s
2026-07-08 09:53:51,6.592,1.002,8.982,9,9,0,0.000,"1074:1, 1077:1, 1084:1, 1087:1, 1094:1, 1097:1, 1124:1, 1127:1, 1230:1",3575.9,0.0,0,0,3688,22,0,RTCM1005 age=1.6s,DONE dur=1145s obs=1122 acc=0.9994m valid=1 active=0 age=0.6s
2026-07-08 09:53:53,6.611,1.143,8.746,10,11,1,9.091,"1005:1, 1074:1, 1077:1, 1084:1, 1087:1, 1094:1, 1097:1, 1124:1, 1127:1, 1230:1",4029.4,0.0,0,0,3698,23,0,RTCM1005 age=0.7s,DONE dur=1145s obs=1122 acc=0.9994m valid=1 active=0 age=0.7s
2026-07-08 09:53:54,6.629,1.061,13.192,14,14,0,0.000,"1005:1, 1074:1, 1077:1, 1084:1, 1087:1, 1094:1, 1097:2, 1124:2, 1127:2, 1230:2",4415.5,0.0,0,0,3712,23,0,RTCM1005 age=0.8s,DONE dur=1145s obs=1122 acc=0.9994m valid=1 active=0 age=0.8s
2026-07-08 09:53:55,6.649,1.192,9.226,11,11,0,0.000,"1005:2, 1074:1, 1077:1, 1084:1, 1087:1, 1094:1, 1097:1, 1124:1, 1127:1, 1230:1",4425.3,0.0,0,0,3723,23,0,RTCM1005 age=0.0s,DONE dur=1145s obs=1122 acc=0.9994m valid=1 active=0 age=0.0s
2026-07-08 09:53:56,6.665,1.001,9.987,10,10,0,0.000,"1005:1, 1074:1, 1077:1, 1084:1, 1087:1, 1094:1, 1097:1, 1124:1, 1127:1, 1230:1",3657.1,0.0,0,0,3733,23,0,RTCM1005 age=0.0s,DONE dur=1145s obs=1122 acc=0.9994m valid=1 active=0 age=0.0s
2026-07-08 09:53:57,6.685,1.199,8.339,10,10,0,0.000,"1005:1, 1074:1, 1077:1, 1084:1, 1087:1, 1094:1, 1097:1, 1124:1, 1127:1, 1230:1",3053.9,0.0,0,0,3743,23,0,RTCM1005 age=0.2s,DONE dur=1145s obs=1122 acc=0.9994m valid=1 active=0 age=0.2s
2026-07-08 09:53:58,6.705,1.196,8.358,10,10,0,0.000,"1005:1, 1074:1, 1077:1, 1084:1, 1087:1, 1094:1, 1097:1, 1124:1, 1127:1, 1230:1",3060.7,0.0,0,0,3753,23,0,RTCM1005 age=0.4s,DONE dur=1145s obs=1122 acc=0.9994m valid=1 active=0 age=0.4s
2026-07-08 09:53:59,6.725,1.195,8.370,10,10,0,0.000,"1005:1, 1074:1, 1077:1, 1084:1, 1087:1, 1094:1, 1097:1, 1124:1, 1127:1, 1230:1",3065.1,0.0,0,0,3763,23,0,RTCM1005 age=0.6s,DONE dur=1145s obs=1122 acc=0.9994m valid=1 active=0 age=0.6s
2026-07-08 09:54:00,6.742,1.009,9.907,10,10,0,0.000,"1005:1, 1074:1, 1077:1, 1084:1, 1087:1, 1094:1, 1097:1, 1124:1, 1127:1, 1230:1",3628.1,0.0,0,0,3773,23,0,RTCM1005 age=0.6s,DONE dur=1145s obs=1122 acc=0.9994m valid=1 active=0 age=0.6s
2026-07-08 09:54:02,6.761,1.141,14.018,16,16,0,0.000,"1005:1, 1074:2, 1077:2, 1084:2, 1087:2, 1094:2, 1097:2, 1124:1, 1127:1, 1230:1",4059.9,0.0,0,0,3789,23,0,RTCM1005 age=0.8s,DONE dur=1145s obs=1122 acc=0.9994m valid=1 active=0 age=0.8s
2026-07-08 09:54:03,6.778,1.003,9.974,10,10,0,0.000,"1005:1, 1074:1, 1077:1, 1084:1, 1087:1, 1094:1, 1097:1, 1124:1, 1127:1, 1230:1",3600.6,0.0,0,0,3799,23,0,RTCM1005 age=0.7s,DONE dur=1145s obs=1122 acc=0.9994m valid=1 active=0 age=0.7s
2026-07-08 09:54:04,6.795,1.047,12.420,13,13,0,0.000,"1005:1, 1074:1, 1077:1, 1084:1, 1087:1, 1094:1, 1097:1, 1124:2, 1127:2, 1230:2",4425.4,0.0,0,0,3812,23,0,RTCM1005 age=0.8s,DONE dur=1145s obs=1122 acc=0.9994m valid=1 active=0 age=0.8s
2026-07-08 09:54:05,6.812,1.041,9.609,10,10,0,0.000,"1005:1, 1074:1, 1077:1, 1084:1, 1087:1, 1094:1, 1097:1, 1124:1, 1127:1, 1230:1",3466.9,0.0,0,0,3822,23,0,RTCM1005 age=0.8s,DONE dur=1145s obs=1122 acc=0.9994m valid=1 active=0 age=0.8s
2026-07-08 09:54:06,6.829,1.013,9.872,10,10,0,0.000,"1005:1, 1074:1, 1077:1, 1084:1, 1087:1, 1094:1, 1097:1, 1124:1, 1127:1, 1230:1",3574.8,0.0,0,0,3832,23,0,RTCM1005 age=0.8s,DONE dur=1145s obs=1122 acc=0.9994m valid=1 active=0 age=0.8s
2026-07-08 09:54:07,6.849,1.179,9.330,11,11,0,0.000,"1005:2, 1074:1, 1077:1, 1084:1, 1087:1, 1094:1, 1097:1, 1124:1, 1127:1, 1230:1",4339.5,0.0,0,0,3843,23,0,RTCM1005 age=0.0s,DONE dur=1145s obs=1122 acc=0.9994m valid=1 active=0 age=0.0s
2026-07-08 09:54:08,6.869,1.174,8.521,10,10,0,0.000,"1005:1, 1074:1, 1077:1, 1084:1, 1087:1, 1094:1, 1097:1, 1124:1, 1127:1, 1230:1",3040.2,0.0,0,0,3853,23,0,RTCM1005 age=0.2s,DONE dur=1145s obs=1122 acc=0.9994m valid=1 active=0 age=0.2s
2026-07-08 09:54:09,6.885,1.003,9.973,10,10,0,0.000,"1005:1, 1074:1, 1077:1, 1084:1, 1087:1, 1094:1, 1097:1, 1124:1, 1127:1, 1230:1",3558.3,0.0,0,0,3863,23,0,RTCM1005 age=0.2s,DONE dur=1145s obs=1122 acc=0.9994m valid=1 active=0 age=0.2s
2026-07-08 09:54:10,6.902,1.005,9.950,10,10,0,0.000,"1005:1, 1074:1, 1077:1, 1084:1, 1087:1, 1094:1, 1097:1, 1124:1, 1127:1, 1230:1",3550.3,0.0,0,0,3873,23,0,RTCM1005 age=0.2s,DONE dur=1145s obs=1122 acc=0.9994m valid=1 active=0 age=0.2s
2026-07-08 09:54:11,6.922,1.195,8.370,10,10,0,0.000,"1005:1, 1074:1, 1077:1, 1084:1, 1087:1, 1094:1, 1097:1, 1124:1, 1127:1, 1230:1",3019.9,0.0,0,0,3883,23,0,RTCM1005 age=0.4s,DONE dur=1145s obs=1122 acc=0.9994m valid=1 active=0 age=0.4s
2026-07-08 09:54:12,6.939,1.004,9.958,10,10,0,0.000,"1005:1, 1074:1, 1077:1, 1084:1, 1087:1, 1094:1, 1097:1, 1124:1, 1127:1, 1230:1",3593.0,0.0,0,0,3893,23,0,RTCM1005 age=0.4s,DONE dur=1145s obs=1122 acc=0.9994m valid=1 active=0 age=0.4s
2026-07-08 09:54:13,6.958,1.183,8.455,10,10,0,0.000,"1005:1, 1074:1, 1077:1, 1084:1, 1087:1, 1094:1, 1097:1, 1124:1, 1127:1, 1230:1",3016.6,0.0,0,0,3903,23,0,RTCM1005 age=0.6s,DONE dur=1145s obs=1122 acc=0.9994m valid=1 active=0 age=0.6s
2026-07-08 09:54:14,6.975,1.014,9.866,10,10,0,0.000,"1005:1, 1074:1, 1077:1, 1084:1, 1087:1, 1094:1, 1097:1, 1124:1, 1127:1, 1230:1",3520.1,0.0,0,0,3913,23,0,RTCM1005 age=0.6s,DONE dur=1145s obs=1122 acc=0.9994m valid=1 active=0 age=0.6s
2026-07-08 09:54:16,6.994,1.143,13.994,16,16,0,0.000,"1005:1, 1074:2, 1077:2, 1084:2, 1087:2, 1094:2, 1097:2, 1124:1, 1127:1, 1230:1",4016.2,0.0,0,0,3929,23,0,RTCM1005 age=0.8s,DONE dur=1145s obs=1122 acc=0.9994m valid=1 active=0 age=0.8s
2026-07-08 09:54:17,7.011,1.001,9.988,10,10,0,0.000,"1005:1, 1074:1, 1077:1, 1084:1, 1087:1, 1094:1, 1097:1, 1124:1, 1127:1, 1230:1",3576.9,0.0,0,0,3939,23,0,RTCM1005 age=0.7s,DONE dur=1145s obs=1122 acc=0.9994m valid=1 active=0 age=0.7s
2026-07-08 09:54:18,7.029,1.054,12.336,13,13,0,0.000,"1005:1, 1074:1, 1077:1, 1084:1, 1087:1, 1094:1, 1097:1, 1124:2, 1127:2, 1230:2",4369.8,0.0,0,0,3952,23,0,RTCM1005 age=0.8s,DONE dur=1145s obs=1122 acc=0.9994m valid=1 active=0 age=0.8s
2026-07-08 09:54:19,7.048,1.191,9.237,11,11,0,0.000,"1005:2, 1074:1, 1077:1, 1084:1, 1087:1, 1094:1, 1097:1, 1124:1, 1127:1, 1230:1",4272.4,0.0,0,0,3963,23,0,RTCM1005 age=0.0s,DONE dur=1145s obs=1122 acc=0.9994m valid=1 active=0 age=0.0s
2026-07-08 09:54:20,7.065,1.015,9.856,10,10,0,0.000,"1005:1, 1074:1, 1077:1, 1084:1, 1087:1, 1094:1, 1097:1, 1124:1, 1127:1, 1230:1",3529.4,0.0,0,0,3973,23,0,RTCM1005 age=0.0s,DONE dur=1145s obs=1122 acc=0.9994m valid=1 active=0 age=0.0s
2026-07-08 09:54:21,7.085,1.183,8.454,10,10,0,0.000,"1005:1, 1074:1, 1077:1, 1084:1, 1087:1, 1094:1, 1097:1, 1124:1, 1127:1, 1230:1",3029.1,0.0,0,0,3983,23,0,RTCM1005 age=0.2s,DONE dur=1145s obs=1122 acc=0.9994m valid=1 active=0 age=0.2s
2026-07-08 09:54:22,7.102,1.022,9.789,10,10,0,0.000,"1005:1, 1074:1, 1077:1, 1084:1, 1087:1, 1094:1, 1097:1, 1124:1, 1127:1, 1230:1",3469.2,0.0,0,0,3993,23,0,RTCM1005 age=0.2s,DONE dur=1145s obs=1122 acc=0.9994m valid=1 active=0 age=0.2s
2026-07-08 09:54:23,7.122,1.185,8.442,10,10,0,0.000,"1005:1, 1074:1, 1077:1, 1084:1, 1087:1, 1094:1, 1097:1, 1124:1, 1127:1, 1230:1",3023.0,0.0,0,0,4003,23,0,RTCM1005 age=0.4s,DONE dur=1145s obs=1122 acc=0.9994m valid=1 active=0 age=0.4s
2026-07-08 09:54:24,7.139,1.018,9.823,10,10,0,0.000,"1005:1, 1074:1, 1077:1, 1084:1, 1087:1, 1094:1, 1097:1, 1124:1, 1127:1, 1230:1",3517.5,0.0,0,0,4013,23,0,RTCM1005 age=0.4s,DONE dur=1145s obs=1122 acc=0.9994m valid=1 active=0 age=0.4s
2026-07-08 09:54:25,7.159,1.192,8.392,10,10,0,0.000,"1005:1, 1074:1, 1077:1, 1084:1, 1087:1, 1094:1, 1097:1, 1124:1, 1127:1, 1230:1",2972.3,0.0,0,0,4023,23,0,RTCM1005 age=0.6s,DONE dur=1145s obs=1122 acc=0.9994m valid=1 active=0 age=0.6s
2026-07-08 09:54:26,7.175,1.009,9.911,10,10,0,0.000,"1005:1, 1074:1, 1077:1, 1084:1, 1087:1, 1094:1, 1097:1, 1124:1, 1127:1, 1230:1",3523.5,0.0,0,0,4033,23,0,RTCM1005 age=0.6s,DONE dur=1145s obs=1122 acc=0.9994m valid=1 active=0 age=0.6s
2026-07-08 09:54:28,7.194,1.137,14.071,16,16,0,0.000,"1005:1, 1074:2, 1077:2, 1084:2, 1087:2, 1094:2, 1097:2, 1124:1, 1127:1, 1230:1",4026.9,0.0,0,0,4049,23,0,RTCM1005 age=0.7s,DONE dur=1145s obs=1122 acc=0.9994m valid=1 active=0 age=0.7s
2026-07-08 09:54:29,7.212,1.036,12.549,13,13,0,0.000,"1005:1, 1074:1, 1077:1, 1084:1, 1087:1, 1094:1, 1097:1, 1124:2, 1127:2, 1230:2",4420.2,0.0,0,0,4062,23,0,RTCM1005 age=0.8s,DONE dur=1145s obs=1122 acc=0.9994m valid=1 active=0 age=0.8s
2026-07-08 09:54:30,7.229,1.014,9.861,10,10,0,0.000,"1005:1, 1074:1, 1077:1, 1084:1, 1087:1, 1094:1, 1097:1, 1124:1, 1127:1, 1230:1",3505.6,0.0,0,0,4072,23,0,RTCM1005 age=0.8s,DONE dur=1145s obs=1122 acc=0.9994m valid=1 active=0 age=0.8s
2026-07-08 09:54:31,7.248,1.193,9.219,11,11,0,0.000,"1005:2, 1074:1, 1077:1, 1084:1, 1087:1, 1094:1, 1097:1, 1124:1, 1127:1, 1230:1",4275.0,0.0,0,0,4083,23,0,RTCM1005 age=0.0s,DONE dur=1145s obs=1122 acc=0.9994m valid=1 active=0 age=0.0s
2026-07-08 09:54:32,7.265,1.008,9.918,10,10,0,0.000,"1005:1, 1074:1, 1077:1, 1084:1, 1087:1, 1094:1, 1097:1, 1124:1, 1127:1, 1230:1",3564.5,0.0,0,0,4093,23,0,RTCM1005 age=0.0s,DONE dur=1145s obs=1122 acc=0.9994m valid=1 active=0 age=0.0s
2026-07-08 09:54:33,7.285,1.198,8.350,10,10,0,0.000,"1005:1, 1074:1, 1077:1, 1084:1, 1087:1, 1094:1, 1097:1, 1124:1, 1127:1, 1230:1",2968.4,0.0,0,0,4103,23,0,RTCM1005 age=0.2s,DONE dur=1145s obs=1122 acc=0.9994m valid=1 active=0 age=0.2s
2026-07-08 09:54:34,7.302,1.013,9.871,10,10,0,0.000,"1005:1, 1074:1, 1077:1, 1084:1, 1087:1, 1094:1, 1097:1, 1124:1, 1127:1, 1230:1",3511.1,0.0,0,0,4113,23,0,RTCM1005 age=0.2s,DONE dur=1145s obs=1122 acc=0.9994m valid=1 active=0 age=0.2s
2026-07-08 09:54:35,7.322,1.192,8.387,10,10,0,0.000,"1005:1, 1074:1, 1077:1, 1084:1, 1087:1, 1094:1, 1097:1, 1124:1, 1127:1, 1230:1",3010.8,0.0,0,0,4123,23,0,RTCM1005 age=0.4s,DONE dur=1145s obs=1122 acc=0.9994m valid=1 active=0 age=0.4s
2026-07-08 09:54:36,7.339,1.009,9.909,10,10,0,0.000,"1005:1, 1074:1, 1077:1, 1084:1, 1087:1, 1094:1, 1097:1, 1124:1, 1127:1, 1230:1",3544.5,0.0,0,0,4133,23,0,RTCM1005 age=0.4s,DONE dur=1145s obs=1122 acc=0.9994m valid=1 active=0 age=0.4s
2026-07-08 09:54:37,7.358,1.173,8.523,10,10,0,0.000,"1005:1, 1074:1, 1077:1, 1084:1, 1087:1, 1094:1, 1097:1, 1124:1, 1127:1, 1230:1",3020.6,0.0,0,0,4143,23,0,RTCM1005 age=0.6s,DONE dur=1145s obs=1122 acc=0.9994m valid=1 active=0 age=0.6s
2026-07-08 09:54:38,7.375,1.022,9.784,10,10,0,0.000,"1005:1, 1074:1, 1077:1, 1084:1, 1087:1, 1094:1, 1097:1, 1124:1, 1127:1, 1230:1",3467.4,0.0,0,0,4153,23,0,RTCM1005 age=0.6s,DONE dur=1145s obs=1122 acc=0.9994m valid=1 active=0 age=0.6s
2026-07-08 09:54:40,7.394,1.138,14.061,16,16,0,0.000,"1005:1, 1074:2, 1077:2, 1084:2, 1087:2, 1094:2, 1097:2, 1124:1, 1127:1, 1230:1",4048.6,0.0,0,0,4169,23,0,RTCM1005 age=0.8s,DONE dur=1145s obs=1122 acc=0.9994m valid=1 active=0 age=0.8s
2026-07-08 09:54:41,7.411,1.002,9.977,10,10,0,0.000,"1005:1, 1074:1, 1077:1, 1084:1, 1087:1, 1094:1, 1097:1, 1124:1, 1127:1, 1230:1",3574.9,0.0,0,0,4179,23,0,RTCM1005 age=0.7s,DONE dur=1145s obs=1122 acc=0.9994m valid=1 active=0 age=0.7s
2026-07-08 09:54:42,7.429,1.053,12.345,13,13,0,0.000,"1005:1, 1074:1, 1077:1, 1084:1, 1087:1, 1094:1, 1097:1, 1124:2, 1127:2, 1230:2",4412.7,0.0,0,0,4192,23,0,RTCM1005 age=0.8s,DONE dur=1145s obs=1122 acc=0.9994m valid=1 active=0 age=0.8s
2026-07-08 09:54:43,7.448,1.188,1.683,2,4,2,50.000,"1005:1, 1230:1",4377.0,0.0,0,0,4194,25,0,RTCM1005 age=0.0s,DONE dur=1145s obs=1122 acc=0.9994m valid=1 active=0 age=0.0s
2026-07-08 09:54:44,7.465,1.010,9.902,10,10,0,0.000,"1005:1, 1074:1, 1077:1, 1084:1, 1087:1, 1094:1, 1097:1, 1124:1, 1127:1, 1230:1",3569.6,0.0,0,0,4204,25,0,RTCM1005 age=0.0s,DONE dur=1145s obs=1122 acc=0.9994m valid=1 active=0 age=0.0s
2026-07-08 09:54:45,7.485,1.185,8.441,10,10,0,0.000,"1005:1, 1074:1, 1077:1, 1084:1, 1087:1, 1094:1, 1097:1, 1124:1, 1127:1, 1230:1",3043.0,0.0,0,0,4214,25,0,RTCM1005 age=0.2s,DONE dur=1145s obs=1122 acc=0.9994m valid=1 active=0 age=0.2s
2026-07-08 09:54:46,7.502,1.017,9.837,10,10,0,0.000,"1005:1, 1074:1, 1077:1, 1084:1, 1087:1, 1094:1, 1097:1, 1124:1, 1127:1, 1230:1",3546.3,24.6,1,1,4224,25,25,RTCM1005 age=0.2s,DONE dur=1145s obs=1122 acc=0.9994m valid=1 active=0 age=0.2s
2026-07-08 09:54:47,7.522,1.194,8.373,10,10,0,0.000,"1005:1, 1074:1, 1077:1, 1084:1, 1087:1, 1094:1, 1097:1, 1124:1, 1127:1, 1230:1",2986.0,1168.1,1,1,4234,25,1420,RTCM1005 age=0.4s,DONE dur=1145s obs=1122 acc=0.9994m valid=1 active=0 age=0.4s
2026-07-08 09:54:48,7.539,1.008,9.917,10,10,0,0.000,"1005:1, 1074:1, 1077:1, 1084:1, 1087:1, 1094:1, 1097:1, 1124:1, 1127:1, 1230:1",3536.3,1383.4,1,1,4244,25,2815,RTCM1005 age=0.4s,DONE dur=1145s obs=1122 acc=0.9994m valid=1 active=0 age=0.4s
2026-07-08 09:54:49,7.558,1.191,8.394,10,10,0,0.000,"1005:1, 1074:1, 1077:1, 1084:1, 1087:1, 1094:1, 1097:1, 1124:1, 1127:1, 1230:1",3007.6,1203.7,1,1,4254,25,4249,RTCM1005 age=0.6s,DONE dur=1145s obs=1122 acc=0.9994m valid=1 active=0 age=0.6s
2026-07-08 09:54:50,7.575,1.005,9.948,10,10,0,0.000,"1005:1, 1074:1, 1077:1, 1084:1, 1087:1, 1094:1, 1097:1, 1124:1, 1127:1, 1230:1",3564.5,1426.6,1,1,4264,25,5683,RTCM1005 age=0.6s,DONE dur=1145s obs=1122 acc=0.9994m valid=1 active=0 age=0.6s
2026-07-08 09:54:51,7.592,1.004,9.961,10,10,0,0.000,"1005:1, 1074:1, 1077:1, 1084:1, 1087:1, 1094:1, 1097:1, 1124:1, 1127:1, 1230:1",3609.0,1468.3,1,1,4274,25,7157,RTCM1005 age=0.6s,DONE dur=1145s obs=1122 acc=0.9994m valid=1 active=0 age=0.6s
2026-07-08 09:54:53,7.611,1.140,14.038,16,16,0,0.000,"1005:1, 1074:2, 1077:2, 1084:2, 1087:2, 1094:2, 1097:2, 1124:1, 1127:1, 1230:1",4077.1,2162.7,1,1,4290,25,9622,RTCM1005 age=0.7s,DONE dur=1145s obs=1122 acc=0.9994m valid=1 active=0 age=0.7s
2026-07-08 09:54:54,7.628,1.005,9.950,10,10,0,0.000,"1005:1, 1074:1, 1077:1, 1084:1, 1087:1, 1094:1, 1097:1, 1124:1, 1127:1, 1230:1",3605.0,1426.9,1,1,4300,25,11056,RTCM1005 age=0.8s,DONE dur=1145s obs=1122 acc=0.9994m valid=1 active=0 age=0.8s
2026-07-08 09:54:55,7.645,1.048,12.408,13,13,0,0.000,"1005:1, 1074:1, 1077:1, 1084:1, 1087:1, 1094:1, 1097:1, 1124:2, 1127:2, 1230:2",4409.8,1805.9,1,1,4313,25,12948,RTCM1005 age=0.8s,DONE dur=1145s obs=1122 acc=0.9994m valid=1 active=0 age=0.8s
2026-07-08 09:54:56,7.662,1.008,9.916,10,10,0,0.000,"1005:1, 1074:1, 1077:1, 1084:1, 1087:1, 1094:1, 1097:1, 1124:1, 1127:1, 1230:1",3552.8,1421.9,1,1,4323,25,14382,RTCM1005 age=0.8s,DONE dur=1145s obs=1122 acc=0.9994m valid=1 active=0 age=0.8s
2026-07-08 09:54:57,7.682,1.198,9.184,11,11,0,0.000,"1005:2, 1074:1, 1077:1, 1084:1, 1087:1, 1094:1, 1097:1, 1124:1, 1127:1, 1230:1",4272.9,1218.1,1,1,4334,25,15841,RTCM1005 age=0.0s,DONE dur=1145s obs=1122 acc=0.9994m valid=1 active=0 age=0.0s
2026-07-08 09:54:58,7.699,1.006,9.943,10,10,0,0.000,"1005:1, 1074:1, 1077:1, 1084:1, 1087:1, 1094:1, 1097:1, 1124:1, 1127:1, 1230:1",3562.4,1425.8,1,1,4344,25,17275,RTCM1005 age=0.0s,DONE dur=1145s obs=1122 acc=0.9994m valid=1 active=0 age=0.0s
2026-07-08 09:54:59,7.718,1.187,8.427,10,10,0,0.000,"1005:1, 1074:1, 1077:1, 1084:1, 1087:1, 1094:1, 1097:1, 1124:1, 1127:1, 1230:1",3019.4,1208.4,1,1,4354,25,18709,RTCM1005 age=0.2s,DONE dur=1145s obs=1122 acc=0.9994m valid=1 active=0 age=0.2s
2026-07-08 09:55:00,7.736,1.040,9.613,10,10,0,0.000,"1005:1, 1074:1, 1077:1, 1084:1, 1087:1, 1094:1, 1097:1, 1124:1, 1127:1, 1230:1",3457.0,1378.6,1,1,4364,25,20143,RTCM1005 age=0.2s,DONE dur=1145s obs=1122 acc=0.9994m valid=1 active=0 age=0.2s
2026-07-08 09:55:01,7.756,1.181,8.470,10,10,0,0.000,"1005:1, 1074:1, 1077:1, 1084:1, 1087:1, 1094:1, 1097:1, 1124:1, 1127:1, 1230:1",3045.8,1214.6,1,1,4374,25,21577,RTCM1005 age=0.4s,DONE dur=1145s obs=1122 acc=0.9994m valid=1 active=0 age=0.4s
2026-07-08 09:55:02,7.772,1.018,9.824,10,10,0,0.000,"1005:1, 1074:1, 1077:1, 1084:1, 1087:1, 1094:1, 1097:1, 1124:1, 1127:1, 1230:1",3532.5,1408.7,1,1,4384,25,23011,RTCM1005 age=0.4s,DONE dur=1145s obs=1122 acc=0.9994m valid=1 active=0 age=0.4s
2026-07-08 09:55:03,7.792,1.193,8.381,10,10,0,0.000,"1005:1, 1074:1, 1077:1, 1084:1, 1087:1, 1094:1, 1097:1, 1124:1, 1127:1, 1230:1",3013.8,1201.8,1,1,4394,25,24445,RTCM1005 age=0.6s,DONE dur=1145s obs=1122 acc=0.9994m valid=1 active=0 age=0.6s
2026-07-08 09:55:04,7.809,1.007,9.926,10,10,0,0.000,"1005:1, 1074:1, 1077:1, 1084:1, 1087:1, 1094:1, 1097:1, 1124:1, 1127:1, 1230:1",3569.3,1423.3,1,1,4404,25,25879,RTCM1005 age=0.6s,DONE dur=1145s obs=1122 acc=0.9994m valid=1 active=0 age=0.6s
2026-07-08 09:55:06,7.828,1.113,14.373,16,16,0,0.000,"1005:1, 1074:2, 1077:2, 1084:2, 1087:2, 1094:2, 1097:2, 1124:1, 1127:1, 1230:1",4138.5,2142.5,1,1,4420,25,28264,RTCM1005 age=0.7s,DONE dur=1145s obs=1122 acc=0.9994m valid=1 active=0 age=0.7s
2026-07-08 09:55:07,7.845,1.041,12.489,13,13,0,0.000,"1005:1, 1074:1, 1077:1, 1084:1, 1087:1, 1094:1, 1097:1, 1124:2, 1127:2, 1230:2",4425.8,1780.1,1,1,4433,25,30117,RTCM1005 age=0.8s,DONE dur=1145s obs=1122 acc=0.9994m valid=1 active=0 age=0.8s
2026-07-08 09:55:08,7.862,1.009,9.910,10,10,0,0.000,"1005:1, 1074:1, 1077:1, 1084:1, 1087:1, 1094:1, 1097:1, 1124:1, 1127:1, 1230:1",3511.9,1382.4,1,1,4443,25,31512,RTCM1005 age=0.8s,DONE dur=1145s obs=1122 acc=0.9994m valid=1 active=0 age=0.8s
2026-07-08 09:55:09,7.882,1.196,9.200,11,11,0,0.000,"1005:2, 1074:1, 1077:1, 1084:1, 1087:1, 1094:1, 1097:1, 1124:1, 1127:1, 1230:1",4215.3,1187.6,1,1,4454,25,32932,RTCM1005 age=0.0s,DONE dur=1145s obs=1122 acc=0.9994m valid=1 active=0 age=0.0s
2026-07-08 09:55:10,7.899,1.016,9.839,10,10,0,0.000,"1005:1, 1074:1, 1077:1, 1084:1, 1087:1, 1094:1, 1097:1, 1124:1, 1127:1, 1230:1",3487.0,1372.6,1,1,4464,25,34327,RTCM1005 age=0.0s,DONE dur=1145s obs=1122 acc=0.9994m valid=1 active=0 age=0.0s
2026-07-08 09:55:11,7.919,1.192,8.388,10,10,0,0.000,"1005:1, 1074:1, 1077:1, 1084:1, 1087:1, 1094:1, 1097:1, 1124:1, 1127:1, 1230:1",3038.8,1236.3,1,1,4474,25,35801,RTCM1005 age=0.2s,DONE dur=1145s obs=1122 acc=0.9994m valid=1 active=0 age=0.2s
2026-07-08 09:55:12,7.935,1.009,9.909,10,10,0,0.000,"1005:1, 1074:1, 1077:1, 1084:1, 1087:1, 1094:1, 1097:1, 1124:1, 1127:1, 1230:1",3577.1,1460.6,1,1,4484,25,37275,RTCM1005 age=0.2s,DONE dur=1145s obs=1122 acc=0.9994m valid=1 active=0 age=0.2s
2026-07-08 09:55:13,7.955,1.187,8.427,10,10,0,0.000,"1005:1, 1074:1, 1077:1, 1084:1, 1087:1, 1094:1, 1097:1, 1124:1, 1127:1, 1230:1",3031.4,1242.2,1,1,4494,25,38749,RTCM1005 age=0.4s,DONE dur=1145s obs=1122 acc=0.9994m valid=1 active=0 age=0.4s
2026-07-08 09:55:14,7.972,1.004,9.963,10,10,0,0.000,"1005:1, 1074:1, 1077:1, 1084:1, 1087:1, 1094:1, 1097:1, 1124:1, 1127:1, 1230:1",3596.5,1468.5,1,1,4504,25,40223,RTCM1005 age=0.4s,DONE dur=1145s obs=1122 acc=0.9994m valid=1 active=0 age=0.4s
2026-07-08 09:55:15,7.992,1.194,8.372,10,10,0,0.000,"1005:1, 1074:1, 1077:1, 1084:1, 1087:1, 1094:1, 1097:1, 1124:1, 1127:1, 1230:1",3022.2,1234.0,1,1,4514,25,41697,RTCM1005 age=0.6s,DONE dur=1145s obs=1122 acc=0.9994m valid=1 active=0 age=0.6s
2026-07-08 09:55:16,8.009,1.001,9.990,10,10,0,0.000,"1005:1, 1074:1, 1077:1, 1084:1, 1087:1, 1094:1, 1097:1, 1124:1, 1127:1, 1230:1",3593.5,1472.6,1,1,4524,25,43171,RTCM1005 age=0.6s,DONE dur=1145s obs=1122 acc=0.9994m valid=1 active=0 age=0.6s
2026-07-08 09:55:18,8.028,1.146,13.957,16,16,0,0.000,"1005:1, 1074:2, 1077:2, 1084:2, 1087:2, 1094:2, 1097:2, 1124:1, 1127:1, 1230:1",4042.2,2150.2,1,1,4540,25,45636,RTCM1005 age=0.8s,DONE dur=1145s obs=1122 acc=0.9994m valid=1 active=0 age=0.8s
2026-07-08 09:55:19,8.045,1.044,12.446,13,13,0,0.000,"1005:1, 1074:1, 1077:1, 1084:1, 1087:1, 1094:1, 1097:1, 1124:2, 1127:2, 1230:2",4436.6,1849.7,1,1,4553,25,47568,RTCM1005 age=0.8s,DONE dur=1145s obs=1122 acc=0.9994m valid=1 active=0 age=0.8s
2026-07-08 09:55:20,8.062,1.017,9.829,10,10,0,0.000,"1005:1, 1074:1, 1077:1, 1084:1, 1087:1, 1094:1, 1097:1, 1124:1, 1127:1, 1230:1",3535.5,1448.8,1,1,4563,25,49042,RTCM1005 age=0.8s,DONE dur=1145s obs=1122 acc=0.9994m valid=1 active=0 age=0.8s
2026-07-08 09:55:21,8.082,1.186,9.274,11,11,0,0.000,"1005:2, 1074:1, 1077:1, 1084:1, 1087:1, 1094:1, 1097:1, 1124:1, 1127:1, 1230:1",4348.7,1230.1,1,1,4574,25,50501,RTCM1005 age=0.0s,DONE dur=1145s obs=1122 acc=0.9994m valid=1 active=0 age=0.0s
2026-07-08 09:55:22,8.099,1.014,9.864,10,10,0,0.000,"1005:1, 1074:1, 1077:1, 1084:1, 1087:1, 1094:1, 1097:1, 1124:1, 1127:1, 1230:1",3521.5,1414.5,1,1,4584,25,51935,RTCM1005 age=0.0s,DONE dur=1145s obs=1122 acc=0.9994m valid=1 active=0 age=0.0s
2026-07-08 09:55:23,8.119,1.195,8.370,10,10,0,0.000,"1005:1, 1074:1, 1077:1, 1084:1, 1087:1, 1094:1, 1097:1, 1124:1, 1127:1, 1230:1",3032.4,1233.7,1,1,4594,25,53409,RTCM1005 age=0.2s,DONE dur=1145s obs=1122 acc=0.9994m valid=1 active=0 age=0.2s
2026-07-08 09:55:24,8.135,1.008,9.923,10,10,0,0.000,"1005:1, 1074:1, 1077:1, 1084:1, 1087:1, 1094:1, 1097:1, 1124:1, 1127:1, 1230:1",3595.2,1462.7,1,1,4604,25,54883,RTCM1005 age=0.2s,DONE dur=1145s obs=1122 acc=0.9994m valid=1 active=0 age=0.2s
2026-07-08 09:55:25,8.155,1.180,8.477,10,10,0,0.000,"1005:1, 1074:1, 1077:1, 1084:1, 1087:1, 1094:1, 1097:1, 1124:1, 1127:1, 1230:1",3037.3,1215.6,1,1,4614,25,56317,RTCM1005 age=0.4s,DONE dur=1145s obs=1122 acc=0.9994m valid=1 active=0 age=0.4s
2026-07-08 09:55:26,8.172,1.018,9.821,10,10,0,0.000,"1005:1, 1074:1, 1077:1, 1084:1, 1087:1, 1094:1, 1097:1, 1124:1, 1127:1, 1230:1",3518.8,1408.3,1,1,4624,25,57751,RTCM1005 age=0.4s,DONE dur=1145s obs=1122 acc=0.9994m valid=1 active=0 age=0.4s
2026-07-08 09:55:27,8.192,1.198,8.345,10,10,0,0.000,"1005:1, 1074:1, 1077:1, 1084:1, 1087:1, 1094:1, 1097:1, 1124:1, 1127:1, 1230:1",2989.9,1196.6,1,1,4634,25,59185,RTCM1005 age=0.6s,DONE dur=1145s obs=1122 acc=0.9994m valid=1 active=0 age=0.6s
2026-07-08 09:55:28,8.209,1.040,9.613,10,10,0,0.000,"1005:1, 1074:1, 1077:1, 1084:1, 1087:1, 1094:1, 1097:1, 1124:1, 1127:1, 1230:1",3456.7,1378.4,1,1,4644,25,60619,RTCM1005 age=0.6s,DONE dur=1145s obs=1122 acc=0.9994m valid=1 active=0 age=0.6s
2026-07-08 09:55:30,8.228,1.099,8.187,9,10,1,10.000,"1074:1, 1077:1, 1084:1, 1087:1, 1094:1, 1097:1, 1124:1, 1127:1, 1230:1",4214.4,1281.7,1,1,4653,26,62028,RTCM1005 age=1.7s,DONE dur=1145s obs=1122 acc=0.9994m valid=1 active=0 age=0.7s
2026-07-08 09:55:31,8.244,1.002,9.980,10,10,0,0.000,"1005:1, 1074:1, 1077:1, 1084:1, 1087:1, 1094:1, 1097:1, 1124:1, 1127:1, 1230:1",3562.8,1431.1,1,1,4663,26,63462,RTCM1005 age=0.7s,DONE dur=1145s obs=1122 acc=0.9994m valid=1 active=0 age=0.7s
2026-07-08 09:55:32,8.262,1.051,12.366,13,13,0,0.000,"1005:1, 1074:1, 1077:1, 1084:1, 1087:1, 1094:1, 1097:1, 1124:2, 1127:2, 1230:2",4394.9,1799.8,1,1,4676,26,65354,RTCM1005 age=0.8s,DONE dur=1145s obs=1122 acc=0.9994m valid=1 active=0 age=0.8s
2026-07-08 09:55:33,8.282,1.191,8.393,10,10,0,0.000,"1005:1, 1074:1, 1077:1, 1084:1, 1087:1, 1094:1, 1097:1, 1124:1, 1127:1, 1230:1",4317.5,1203.6,1,1,4686,26,66788,RTCM1005 age=1.0s,DONE dur=1145s obs=1122 acc=0.9994m valid=1 active=0 age=0.0s
2026-07-08 09:55:34,8.299,1.059,7.558,8,9,1,11.111,"1005:1, 1084:1, 1087:1, 1094:1, 1097:1, 1124:1, 1127:1, 1230:1",3409.4,1079.8,1,1,4694,27,67931,RTCM1005 age=0.0s,DONE dur=1145s obs=1122 acc=0.9994m valid=1 active=0 age=0.0s
2026-07-08 09:55:35,8.319,1.155,8.656,10,10,0,0.000,"1005:1, 1074:1, 1077:1, 1084:1, 1087:1, 1094:1, 1097:1, 1124:1, 1127:1, 1230:1",3112.8,1241.3,1,1,4704,27,69365,RTCM1005 age=0.2s,DONE dur=1145s obs=1122 acc=0.9994m valid=1 active=0 age=0.2s
2026-07-08 09:55:36,8.335,1.008,9.917,10,10,0,0.000,"1005:1, 1074:1, 1077:1, 1084:1, 1087:1, 1094:1, 1097:1, 1124:1, 1127:1, 1230:1",3566.2,1422.1,1,1,4714,27,70799,RTCM1005 age=0.2s,DONE dur=1145s obs=1122 acc=0.9994m valid=1 active=0 age=0.2s
2026-07-08 09:55:37,8.355,1.183,8.453,10,10,0,0.000,"1005:1, 1074:1, 1077:1, 1084:1, 1087:1, 1094:1, 1097:1, 1124:1, 1127:1, 1230:1",3006.6,1179.1,1,1,4724,27,72194,RTCM1005 age=0.4s,DONE dur=1145s obs=1122 acc=0.9994m valid=1 active=0 age=0.4s
2026-07-08 09:55:38,8.372,1.008,9.917,10,10,0,0.000,"1005:1, 1074:1, 1077:1, 1084:1, 1087:1, 1094:1, 1097:1, 1124:1, 1127:1, 1230:1",3527.6,1383.5,1,1,4734,27,73589,RTCM1005 age=0.4s,DONE dur=1145s obs=1122 acc=0.9994m valid=1 active=0 age=0.4s
2026-07-08 09:55:39,8.389,1.004,9.962,10,10,0,0.000,"1005:1, 1074:1, 1077:1, 1084:1, 1087:1, 1094:1, 1097:1, 1124:1, 1127:1, 1230:1",3543.4,1389.7,1,1,4744,27,74984,RTCM1005 age=0.4s,DONE dur=1145s obs=1122 acc=0.9994m valid=1 active=0 age=0.4s
2026-07-08 09:55:40,8.405,1.003,9.968,10,10,0,0.000,"1005:1, 1074:1, 1077:1, 1084:1, 1087:1, 1094:1, 1097:1, 1124:1, 1127:1, 1230:1",3545.6,1390.5,1,1,4754,27,76379,RTCM1005 age=0.4s,DONE dur=1145s obs=1122 acc=0.9994m valid=1 active=0 age=0.4s
2026-07-08 09:55:41,8.423,1.027,9.739,10,10,0,0.000,"1005:1, 1074:1, 1077:1, 1084:1, 1087:1, 1094:1, 1097:1, 1124:1, 1127:1, 1230:1",3502.0,1396.5,1,1,4764,27,77813,RTCM1005 age=0.4s,DONE dur=1145s obs=1122 acc=0.9994m valid=1 active=0 age=0.4s
2026-07-08 09:55:42,8.439,1.011,9.891,10,10,0,0.000,"1005:1, 1074:1, 1077:1, 1084:1, 1087:1, 1094:1, 1097:1, 1124:1, 1127:1, 1230:1",3557.0,1418.4,1,1,4774,27,79247,RTCM1005 age=0.4s,DONE dur=1145s obs=1122 acc=0.9994m valid=1 active=0 age=0.4s
2026-07-08 09:55:43,8.459,1.155,8.656,10,10,0,0.000,"1005:1, 1074:1, 1077:1, 1084:1, 1087:1, 1094:1, 1097:1, 1124:1, 1127:1, 1230:1",3101.5,1241.3,1,1,4784,27,80681,RTCM1005 age=0.6s,DONE dur=1145s obs=1122 acc=0.9994m valid=1 active=0 age=0.6s
2026-07-08 09:55:45,8.478,1.144,13.986,16,16,0,0.000,"1005:1, 1074:2, 1077:2, 1084:2, 1087:2, 1094:2, 1097:2, 1124:1, 1127:1, 1230:1",4023.6,2016.6,1,1,4800,27,82988,RTCM1005 age=0.7s,DONE dur=1145s obs=1122 acc=0.9994m valid=1 active=0 age=0.7s
2026-07-08 09:55:46,8.495,1.051,12.374,13,13,0,0.000,"1005:1, 1074:1, 1077:1, 1084:1, 1087:1, 1094:1, 1097:1, 1124:2, 1127:2, 1230:2",4381.5,1763.8,1,1,4813,27,84841,RTCM1005 age=0.8s,DONE dur=1145s obs=1122 acc=0.9994m valid=1 active=0 age=0.8s
2026-07-08 09:55:47,8.515,1.196,9.197,11,11,0,0.000,"1005:2, 1074:1, 1077:1, 1084:1, 1087:1, 1094:1, 1097:1, 1124:1, 1127:1, 1230:1",4272.4,1187.3,1,1,4824,27,86261,RTCM1005 age=0.0s,DONE dur=1145s obs=1122 acc=0.9994m valid=1 active=0 age=0.0s
2026-07-08 09:55:48,8.533,1.044,9.583,10,10,0,0.000,"1005:1, 1074:1, 1077:1, 1084:1, 1087:1, 1094:1, 1097:1, 1124:1, 1127:1, 1230:1",3442.1,1336.8,1,1,4834,27,87656,RTCM1005 age=0.0s,DONE dur=1145s obs=1122 acc=0.9994m valid=1 active=0 age=0.0s
2026-07-08 09:55:49,8.552,1.187,8.426,10,10,0,0.000,"1005:1, 1074:1, 1077:1, 1084:1, 1087:1, 1094:1, 1097:1, 1124:1, 1127:1, 1230:1",3026.5,1175.4,1,1,4844,27,89051,RTCM1005 age=0.2s,DONE dur=1145s obs=1122 acc=0.9994m valid=1 active=0 age=0.2s
2026-07-08 09:55:50,8.569,1.009,9.908,10,10,0,0.000,"1005:1, 1074:1, 1077:1, 1084:1, 1087:1, 1094:1, 1097:1, 1124:1, 1127:1, 1230:1",3558.9,1382.2,1,1,4854,27,90446,RTCM1005 age=0.2s,DONE dur=1145s obs=1122 acc=0.9994m valid=1 active=0 age=0.2s
2026-07-08 09:55:51,8.589,1.195,8.366,10,10,0,0.000,"1005:1, 1074:1, 1077:1, 1084:1, 1087:1, 1094:1, 1097:1, 1124:1, 1127:1, 1230:1",3005.0,1167.0,1,1,4864,27,91841,RTCM1005 age=0.4s,DONE dur=1145s obs=1122 acc=0.9994m valid=1 active=0 age=0.4s
2026-07-08 09:55:52,8.606,1.008,9.917,10,10,0,0.000,"1005:1, 1074:1, 1077:1, 1084:1, 1087:1, 1094:1, 1097:1, 1124:1, 1127:1, 1230:1",3562.3,1383.5,1,1,4874,27,93236,RTCM1005 age=0.4s,DONE dur=1145s obs=1122 acc=0.9994m valid=1 active=0 age=0.4s
2026-07-08 09:55:53,8.623,1.004,9.962,10,10,0,0.000,"1005:1, 1074:1, 1077:1, 1084:1, 1087:1, 1094:1, 1097:1, 1124:1, 1127:1, 1230:1",3578.3,1389.7,1,1,4884,27,94631,RTCM1005 age=0.4s,DONE dur=1145s obs=1122 acc=0.9994m valid=1 active=0 age=0.4s
2026-07-08 09:55:54,8.643,1.198,8.345,10,10,0,0.000,"1005:1, 1074:1, 1077:1, 1084:1, 1087:1, 1094:1, 1097:1, 1124:1, 1127:1, 1230:1",2997.4,1164.1,1,1,4894,27,96026,RTCM1005 age=0.6s,DONE dur=1145s obs=1122 acc=0.9994m valid=1 active=0 age=0.6s
2026-07-08 09:55:56,8.661,1.108,14.444,16,16,0,0.000,"1005:1, 1074:2, 1077:2, 1084:2, 1087:2, 1094:2, 1097:2, 1124:1, 1127:1, 1230:1",4167.2,2082.7,1,1,4910,27,98333,RTCM1005 age=0.7s,DONE dur=1145s obs=1122 acc=0.9994m valid=1 active=0 age=0.7s
2026-07-08 09:55:57,8.678,1.003,9.973,10,10,0,0.000,"1005:1, 1074:1, 1077:1, 1084:1, 1087:1, 1094:1, 1097:1, 1124:1, 1127:1, 1230:1",3582.2,1391.2,1,1,4920,27,99728,RTCM1005 age=0.7s,DONE dur=1145s obs=1122 acc=0.9994m valid=1 active=0 age=0.7s
2026-07-08 09:55:58,8.696,1.088,11.950,13,13,0,0.000,"1005:1, 1074:1, 1077:1, 1084:1, 1087:1, 1094:1, 1097:1, 1124:2, 1127:2, 1230:2",4255.3,1703.4,1,1,4933,27,101581,RTCM1005 age=0.8s,DONE dur=1145s obs=1122 acc=0.9994m valid=1 active=0 age=0.8s
2026-07-08 09:55:59,8.716,1.190,9.247,11,11,0,0.000,"1005:2, 1074:1, 1077:1, 1084:1, 1087:1, 1094:1, 1097:1, 1124:1, 1127:1, 1230:1",4368.8,1226.5,1,1,4944,27,103040,RTCM1005 age=0.0s,DONE dur=1145s obs=1122 acc=0.9994m valid=1 active=0 age=0.0s
2026-07-08 09:56:00,8.733,1.010,9.900,10,10,0,0.000,"1005:1, 1074:1, 1077:1, 1084:1, 1087:1, 1094:1, 1097:1, 1124:1, 1127:1, 1230:1",3605.7,1419.7,1,1,4954,27,104474,RTCM1005 age=0.0s,DONE dur=1145s obs=1122 acc=0.9994m valid=1 active=0 age=0.0s
2026-07-08 09:56:01,8.749,1.005,9.952,10,10,0,0.000,"1005:1, 1074:1, 1077:1, 1084:1, 1087:1, 1094:1, 1097:1, 1124:1, 1127:1, 1230:1",3637.3,1427.1,1,1,4964,27,105908,RTCM1005 age=0.0s,DONE dur=1145s obs=1122 acc=0.9994m valid=1 active=0 age=0.0s
2026-07-08 09:56:02,8.769,1.194,8.378,10,10,0,0.000,"1005:1, 1074:1, 1077:1, 1084:1, 1087:1, 1094:1, 1097:1, 1124:1, 1127:1, 1230:1",3051.2,1201.4,1,1,4974,27,107342,RTCM1005 age=0.2s,DONE dur=1145s obs=1122 acc=0.9994m valid=1 active=0 age=0.2s
2026-07-08 09:56:03,8.789,1.163,8.598,10,10,0,0.000,"1005:1, 1074:1, 1077:1, 1084:1, 1087:1, 1094:1, 1097:1, 1124:1, 1127:1, 1230:1",3120.3,1233.0,1,1,4984,27,108776,RTCM1005 age=0.4s,DONE dur=1145s obs=1122 acc=0.9994m valid=1 active=0 age=0.4s
2026-07-08 09:56:04,8.806,1.036,9.653,10,10,0,0.000,"1005:1, 1074:1, 1077:1, 1084:1, 1087:1, 1094:1, 1097:1, 1124:1, 1127:1, 1230:1",3465.3,1346.6,1,1,4994,27,110171,RTCM1005 age=0.4s,DONE dur=1145s obs=1122 acc=0.9994m valid=1 active=0 age=0.4s
2026-07-08 09:56:05,8.826,1.194,8.375,10,10,0,0.000,"1005:1, 1074:1, 1077:1, 1084:1, 1087:1, 1094:1, 1097:1, 1124:1, 1127:1, 1230:1",3024.1,1200.9,1,1,5004,27,111605,RTCM1005 age=0.6s,DONE dur=1145s obs=1122 acc=0.9994m valid=1 active=0 age=0.6s
2026-07-08 09:56:06,8.842,1.005,9.954,10,10,0,0.000,"1005:1, 1074:1, 1077:1, 1084:1, 1087:1, 1094:1, 1097:1, 1124:1, 1127:1, 1230:1",3592.4,1427.4,1,1,5014,27,113039,RTCM1005 age=0.6s,DONE dur=1145s obs=1122 acc=0.9994m valid=1 active=0 age=0.6s
2026-07-08 09:56:08,8.861,1.115,14.347,16,16,0,0.000,"1005:1, 1074:2, 1077:2, 1084:2, 1087:2, 1094:2, 1097:2, 1124:1, 1127:1, 1230:1",4154.3,2138.5,1,1,5030,27,115424,RTCM1005 age=0.7s,DONE dur=1145s obs=1122 acc=0.9994m valid=1 active=0 age=0.7s
2026-07-08 09:56:09,8.878,1.003,9.971,10,10,0,0.000,"1005:1, 1074:1, 1077:1, 1084:1, 1087:1, 1094:1, 1097:1, 1124:1, 1127:1, 1230:1",3585.5,1390.9,1,1,5040,27,116819,RTCM1005 age=0.7s,DONE dur=1145s obs=1122 acc=0.9994m valid=1 active=0 age=0.7s
2026-07-08 09:56:10,8.896,1.094,11.888,13,13,0,0.000,"1005:1, 1074:1, 1077:1, 1084:1, 1087:1, 1094:1, 1097:1, 1124:2, 1127:2, 1230:2",4190.8,1694.4,1,1,5053,27,118672,RTCM1005 age=0.8s,DONE dur=1145s obs=1122 acc=0.9994m valid=1 active=0 age=0.8s
2026-07-08 09:56:11,8.916,1.199,9.173,11,11,0,0.000,"1005:2, 1074:1, 1077:1, 1084:1, 1087:1, 1094:1, 1097:1, 1124:1, 1127:1, 1230:1",4224.4,1184.1,1,1,5064,27,120092,RTCM1005 age=0.0s,DONE dur=1145s obs=1122 acc=0.9994m valid=1 active=0 age=0.0s
2026-07-08 09:56:12,8.933,1.005,9.951,10,10,0,0.000,"1005:1, 1074:1, 1077:1, 1084:1, 1087:1, 1094:1, 1097:1, 1124:1, 1127:1, 1230:1",3539.4,1388.1,1,1,5074,27,121487,RTCM1005 age=0.0s,DONE dur=1145s obs=1122 acc=0.9994m valid=1 active=0 age=0.0s
2026-07-08 09:56:13,8.953,1.190,8.403,10,10,0,0.000,"1005:1, 1074:1, 1077:1, 1084:1, 1087:1, 1094:1, 1097:1, 1124:1, 1127:1, 1230:1",2989.0,1172.2,1,1,5084,27,122882,RTCM1005 age=0.2s,DONE dur=1145s obs=1122 acc=0.9994m valid=1 active=0 age=0.2s
2026-07-08 09:56:14,8.972,1.192,8.390,10,10,0,0.000,"1005:1, 1074:1, 1077:1, 1084:1, 1087:1, 1094:1, 1097:1, 1124:1, 1127:1, 1230:1",2984.4,1170.4,1,1,5094,27,124277,RTCM1005 age=0.4s,DONE dur=1145s obs=1122 acc=0.9994m valid=1 active=0 age=0.4s
2026-07-08 09:56:15,8.989,1.000,10.000,10,10,0,0.000,"1005:1, 1074:1, 1077:1, 1084:1, 1087:1, 1094:1, 1097:1, 1124:1, 1127:1, 1230:1",3595.9,1433.9,1,1,5104,27,125711,RTCM1005 age=0.4s,DONE dur=1145s obs=1122 acc=0.9994m valid=1 active=0 age=0.4s
2026-07-08 09:56:16,9.006,1.010,9.897,10,10,0,0.000,"1005:1, 1074:1, 1077:1, 1084:1, 1087:1, 1094:1, 1097:1, 1124:1, 1127:1, 1230:1",3558.9,1419.2,1,1,5114,27,127145,RTCM1005 age=0.4s,DONE dur=1145s obs=1122 acc=0.9994m valid=1 active=0 age=0.4s
2026-07-08 09:56:17,9.026,1.188,8.417,10,10,0,0.000,"1005:1, 1074:1, 1077:1, 1084:1, 1087:1, 1094:1, 1097:1, 1124:1, 1127:1, 1230:1",3037.9,1207.1,1,1,5124,27,128579,RTCM1005 age=0.6s,DONE dur=1145s obs=1122 acc=0.9994m valid=1 active=0 age=0.6s
2026-07-08 09:56:18,9.043,1.009,9.909,10,10,0,0.000,"1005:1, 1074:1, 1077:1, 1084:1, 1087:1, 1094:1, 1097:1, 1124:1, 1127:1, 1230:1",3576.3,1421.0,1,1,5134,27,130013,RTCM1005 age=0.6s,DONE dur=1145s obs=1122 acc=0.9994m valid=1 active=0 age=0.6s
2026-07-08 09:56:20,9.061,1.110,14.415,16,16,0,0.000,"1005:1, 1074:2, 1077:2, 1084:2, 1087:2, 1094:2, 1097:2, 1124:1, 1127:1, 1230:1",4174.0,2148.7,1,1,5150,27,132398,RTCM1005 age=0.7s,DONE dur=1145s obs=1122 acc=0.9994m valid=1 active=0 age=0.7s
2026-07-08 09:56:21,9.079,1.076,12.087,13,13,0,0.000,"1005:1, 1074:1, 1077:1, 1084:1, 1087:1, 1094:1, 1097:1, 1124:2, 1127:2, 1230:2",4307.6,1759.1,1,1,5163,27,134290,RTCM1005 age=0.8s,DONE dur=1145s obs=1122 acc=0.9994m valid=1 active=0 age=0.8s
2026-07-08 09:56:22,9.099,1.198,9.184,11,11,0,0.000,"1005:2, 1074:1, 1077:1, 1084:1, 1087:1, 1094:1, 1097:1, 1124:1, 1127:1, 1230:1",4316.4,1218.1,1,1,5174,27,135749,RTCM1005 age=0.0s,DONE dur=1145s obs=1122 acc=0.9994m valid=1 active=0 age=0.0s
2026-07-08 09:56:23,9.118,1.171,8.541,10,10,0,0.000,"1005:1, 1074:1, 1077:1, 1084:1, 1087:1, 1094:1, 1097:1, 1124:1, 1127:1, 1230:1",3105.4,1258.9,1,1,5184,27,137223,RTCM1005 age=0.2s,DONE dur=1145s obs=1122 acc=0.9994m valid=1 active=0 age=0.2s
2026-07-08 09:56:24,9.135,1.021,8.814,9,9,0,0.000,"1074:1, 1077:1, 1084:1, 1087:1, 1094:1, 1097:1, 1124:1, 1127:1, 1230:1",3560.7,1419.0,1,1,5193,27,138672,RTCM1005 age=1.2s,DONE dur=1145s obs=1122 acc=0.9994m valid=1 active=0 age=0.2s
2026-07-08 09:56:25,9.155,1.181,6.775,8,9,1,11.111,"1005:1, 1084:1, 1087:1, 1094:1, 1097:1, 1124:1, 1127:1, 1230:1",3079.4,1001.9,1,1,5201,28,139855,RTCM1005 age=0.4s,DONE dur=1145s obs=1122 acc=0.9994m valid=1 active=0 age=0.4s
2026-07-08 09:56:26,9.172,1.015,9.853,10,10,0,0.000,"1005:1, 1074:1, 1077:1, 1084:1, 1087:1, 1094:1, 1097:1, 1124:1, 1127:1, 1230:1",3595.2,1452.3,1,1,5211,28,141329,RTCM1005 age=0.4s,DONE dur=1145s obs=1122 acc=0.9994m valid=1 active=0 age=0.4s
2026-07-08 09:56:27,9.192,1.199,8.338,10,10,0,0.000,"1005:1, 1074:1, 1077:1, 1084:1, 1087:1, 1094:1, 1097:1, 1124:1, 1127:1, 1230:1",3042.6,1229.0,1,1,5221,28,142803,RTCM1005 age=0.6s,DONE dur=1145s obs=1122 acc=0.9994m valid=1 active=0 age=0.6s
2026-07-08 09:56:28,9.209,1.007,9.932,10,10,0,0.000,"1005:1, 1074:1, 1077:1, 1084:1, 1087:1, 1094:1, 1097:1, 1124:1, 1127:1, 1230:1",3611.4,1464.0,1,1,5231,28,144277,RTCM1005 age=0.6s,DONE dur=1145s obs=1122 acc=0.9994m valid=1 active=0 age=0.6s
2026-07-08 09:56:30,9.228,1.132,14.134,16,16,0,0.000,"1005:1, 1074:2, 1077:2, 1084:2, 1087:2, 1094:2, 1097:2, 1124:1, 1127:1, 1230:1",4118.2,2177.5,1,1,5247,28,146742,RTCM1005 age=0.8s,DONE dur=1145s obs=1122 acc=0.9994m valid=1 active=0 age=0.8s
2026-07-08 09:56:31,9.244,1.003,9.973,10,10,0,0.000,"1005:1, 1074:1, 1077:1, 1084:1, 1087:1, 1094:1, 1097:1, 1124:1, 1127:1, 1230:1",3628.2,1470.0,1,1,5257,28,148216,RTCM1005 age=0.7s,DONE dur=1145s obs=1122 acc=0.9994m valid=1 active=0 age=0.7s
2026-07-08 09:56:32,9.262,1.047,12.414,13,13,0,0.000,"1005:1, 1074:1, 1077:1, 1084:1, 1087:1, 1094:1, 1097:1, 1124:2, 1127:2, 1230:2",4471.8,1844.9,1,1,5270,28,150148,RTCM1005 age=0.8s,DONE dur=1145s obs=1122 acc=0.9994m valid=1 active=0 age=0.8s
2026-07-08 09:56:33,9.282,1.198,9.180,11,11,0,0.000,"1005:2, 1074:1, 1077:1, 1084:1, 1087:1, 1094:1, 1097:1, 1124:1, 1127:1, 1230:1",4351.5,1217.7,1,1,5281,28,151607,RTCM1005 age=0.0s,DONE dur=1145s obs=1122 acc=0.9994m valid=1 active=0 age=0.0s
2026-07-08 09:56:34,9.299,1.041,9.605,10,10,0,0.000,"1005:1, 1074:1, 1077:1, 1084:1, 1087:1, 1094:1, 1097:1, 1124:1, 1127:1, 1230:1",3441.4,1339.9,1,1,5291,28,153002,RTCM1005 age=0.0s,DONE dur=1145s obs=1122 acc=0.9994m valid=1 active=0 age=0.0s
2026-07-08 09:56:35,9.319,1.193,8.379,10,10,0,0.000,"1005:1, 1074:1, 1077:1, 1084:1, 1087:1, 1094:1, 1097:1, 1124:1, 1127:1, 1230:1",3002.2,1168.9,1,1,5301,28,154397,RTCM1005 age=0.2s,DONE dur=1145s obs=1122 acc=0.9994m valid=1 active=0 age=0.2s
2026-07-08 09:56:36,9.339,1.175,8.513,10,10,0,0.000,"1005:1, 1074:1, 1077:1, 1084:1, 1087:1, 1094:1, 1097:1, 1124:1, 1127:1, 1230:1",3039.0,1187.5,1,1,5311,28,155792,RTCM1005 age=0.4s,DONE dur=1145s obs=1122 acc=0.9994m valid=1 active=0 age=0.4s
2026-07-08 09:56:37,9.359,1.193,8.385,10,10,0,0.000,"1005:1, 1074:1, 1077:1, 1084:1, 1087:1, 1094:1, 1097:1, 1124:1, 1127:1, 1230:1",2982.7,1169.8,1,1,5321,28,157187,RTCM1005 age=0.6s,DONE dur=1145s obs=1122 acc=0.9994m valid=1 active=0 age=0.6s
2026-07-08 09:56:39,9.378,1.152,13.891,16,16,0,0.000,"1005:1, 1074:2, 1077:2, 1084:2, 1087:2, 1094:2, 1097:2, 1124:1, 1127:1, 1230:1",3956.4,2002.9,1,1,5337,28,159494,RTCM1005 age=0.8s,DONE dur=1145s obs=1122 acc=0.9994m valid=1 active=0 age=0.8s
2026-07-08 09:56:40,9.395,1.059,12.282,13,13,0,0.000,"1005:1, 1074:1, 1077:1, 1084:1, 1087:1, 1094:1, 1097:1, 1124:2, 1127:2, 1230:2",4305.1,1750.6,1,1,5350,28,161347,RTCM1005 age=0.8s,DONE dur=1145s obs=1122 acc=0.9994m valid=1 active=0 age=0.8s
2026-07-08 09:56:41,9.415,1.187,9.268,11,11,0,0.000,"1005:2, 1074:1, 1077:1, 1084:1, 1087:1, 1094:1, 1097:1, 1124:1, 1127:1, 1230:1",4253.3,1196.4,1,1,5361,28,162767,RTCM1005 age=0.0s,DONE dur=1145s obs=1122 acc=0.9994m valid=1 active=0 age=0.0s
2026-07-08 09:56:42,9.432,1.021,9.795,10,10,0,0.000,"1005:1, 1074:1, 1077:1, 1084:1, 1087:1, 1094:1, 1097:1, 1124:1, 1127:1, 1230:1",3490.9,1366.4,1,1,5371,28,164162,RTCM1005 age=0.0s,DONE dur=1145s obs=1122 acc=0.9994m valid=1 active=0 age=0.0s
2026-07-08 09:56:43,9.452,1.191,8.397,10,10,0,0.000,"1005:1, 1074:1, 1077:1, 1084:1, 1087:1, 1094:1, 1097:1, 1124:1, 1127:1, 1230:1",2992.6,1171.3,1,1,5381,28,165557,RTCM1005 age=0.2s,DONE dur=1145s obs=1122 acc=0.9994m valid=1 active=0 age=0.2s
2026-07-08 09:56:44,9.469,1.033,9.677,10,10,0,0.000,"1005:1, 1074:1, 1077:1, 1084:1, 1087:1, 1094:1, 1097:1, 1124:1, 1127:1, 1230:1",3461.4,1349.9,1,1,5391,28,166952,RTCM1005 age=0.2s,DONE dur=1145s obs=1122 acc=0.9994m valid=1 active=0 age=0.2s
2026-07-08 09:56:45,9.489,1.194,8.373,10,10,0,0.000,"1005:1, 1074:1, 1077:1, 1084:1, 1087:1, 1094:1, 1097:1, 1124:1, 1127:1, 1230:1",2996.7,1168.0,1,1,5401,28,168347,RTCM1005 age=0.4s,DONE dur=1145s obs=1122 acc=0.9994m valid=1 active=0 age=0.4s
2026-07-08 09:56:46,9.509,1.195,8.366,10,10,0,0.000,"1005:1, 1074:1, 1077:1, 1084:1, 1087:1, 1094:1, 1097:1, 1124:1, 1127:1, 1230:1",2994.3,1167.1,1,1,5411,28,169742,RTCM1005 age=0.6s,DONE dur=1145s obs=1122 acc=0.9994m valid=1 active=0 age=0.6s
2026-07-08 09:56:47,9.526,1.006,9.943,10,10,0,0.000,"1005:1, 1074:1, 1077:1, 1084:1, 1087:1, 1094:1, 1097:1, 1124:1, 1127:1, 1230:1",3558.5,1387.0,1,1,5421,28,171137,RTCM1005 age=0.6s,DONE dur=1145s obs=1122 acc=0.9994m valid=1 active=0 age=0.6s
2026-07-08 09:56:48,9.543,1.006,9.945,10,10,0,0.000,"1005:1, 1074:1, 1077:1, 1084:1, 1087:1, 1094:1, 1097:1, 1124:1, 1127:1, 1230:1",3585.3,1387.4,1,1,5431,28,172532,RTCM1005 age=0.6s,DONE dur=1145s obs=1122 acc=0.9994m valid=1 active=0 age=0.6s
2026-07-08 09:56:50,9.561,1.105,14.477,16,16,0,0.000,"1005:1, 1074:2, 1077:2, 1084:2, 1087:2, 1094:2, 1097:2, 1124:1, 1127:1, 1230:1",4176.5,2087.3,1,1,5447,28,174839,RTCM1005 age=0.7s,DONE dur=1145s obs=1122 acc=0.9994m valid=1 active=0 age=0.8s
2026-07-08 09:56:51,9.578,1.049,12.397,13,13,0,0.000,"1005:1, 1074:1, 1077:1, 1084:1, 1087:1, 1094:1, 1097:1, 1124:2, 1127:2, 1230:2",4414.3,1767.1,1,1,5460,28,176692,RTCM1005 age=0.8s,DONE dur=1145s obs=1122 acc=0.9994m valid=1 active=0 age=0.8s
2026-07-08 09:56:52,9.595,1.003,9.971,10,10,0,0.000,"1005:1, 1074:1, 1077:1, 1084:1, 1087:1, 1094:1, 1097:1, 1124:1, 1127:1, 1230:1",3594.4,1390.9,1,1,5470,28,178087,RTCM1005 age=0.8s,DONE dur=1145s obs=1122 acc=0.9994m valid=1 active=0 age=0.8s
2026-07-08 09:56:53,9.615,1.198,9.180,11,11,0,0.000,"1005:2, 1074:1, 1077:1, 1084:1, 1087:1, 1094:1, 1097:1, 1124:1, 1127:1, 1230:1",4307.8,1185.0,1,1,5481,28,179507,RTCM1005 age=0.0s,DONE dur=1145s obs=1122 acc=0.9994m valid=1 active=0 age=0.0s
2026-07-08 09:56:54,9.632,1.010,9.899,10,10,0,0.000,"1005:1, 1074:1, 1077:1, 1084:1, 1087:1, 1094:1, 1097:1, 1124:1, 1127:1, 1230:1",3568.5,1380.9,1,1,5491,28,180902,RTCM1005 age=0.0s,DONE dur=1145s obs=1122 acc=0.9994m valid=1 active=0 age=0.0s
2026-07-08 09:56:55,9.652,1.196,8.360,10,10,0,0.000,"1005:1, 1074:1, 1077:1, 1084:1, 1087:1, 1094:1, 1097:1, 1124:1, 1127:1, 1230:1",2998.8,1166.2,1,1,5501,28,182297,RTCM1005 age=0.2s,DONE dur=1145s obs=1122 acc=0.9994m valid=1 active=0 age=0.2s
2026-07-08 09:56:56,9.669,1.003,9.967,10,10,0,0.000,"1005:1, 1074:1, 1077:1, 1084:1, 1087:1, 1094:1, 1097:1, 1124:1, 1127:1, 1230:1",3549.3,1390.4,1,1,5511,28,183692,RTCM1005 age=0.2s,DONE dur=1145s obs=1122 acc=0.9994m valid=1 active=0 age=0.2s
2026-07-08 09:56:57,9.685,1.001,9.989,10,10,0,0.000,"1005:1, 1074:1, 1077:1, 1084:1, 1087:1, 1094:1, 1097:1, 1124:1, 1127:1, 1230:1",3570.1,1393.5,1,1,5521,28,185087,RTCM1005 age=0.2s,DONE dur=1145s obs=1122 acc=0.9994m valid=1 active=0 age=0.2s
2026-07-08 09:56:58,9.702,1.005,9.955,10,10,0,0.000,"1005:1, 1074:1, 1077:1, 1084:1, 1087:1, 1094:1, 1097:1, 1124:1, 1127:1, 1230:1",3557.9,1388.7,1,1,5531,28,186482,RTCM1005 age=0.2s,DONE dur=1145s obs=1122 acc=0.9994m valid=1 active=0 age=0.2s
2026-07-08 09:56:59,9.722,1.184,8.448,10,10,0,0.000,"1005:1, 1074:1, 1077:1, 1084:1, 1087:1, 1094:1, 1097:1, 1124:1, 1127:1, 1230:1",3019.3,1178.5,1,1,5541,28,187877,RTCM1005 age=0.4s,DONE dur=1145s obs=1122 acc=0.9994m valid=1 active=0 age=0.4s
2026-07-08 09:57:00,9.739,1.012,9.879,10,10,0,0.000,"1005:1, 1074:1, 1077:1, 1084:1, 1087:1, 1094:1, 1097:1, 1124:1, 1127:1, 1230:1",3530.9,1378.2,1,1,5551,28,189272,RTCM1005 age=0.4s,DONE dur=1145s obs=1122 acc=0.9994m valid=1 active=0 age=0.4s
2026-07-08 09:57:01,9.759,1.196,8.361,10,10,0,0.000,"1005:1, 1074:1, 1077:1, 1084:1, 1087:1, 1094:1, 1097:1, 1124:1, 1127:1, 1230:1",2988.4,1166.4,1,1,5561,28,190667,RTCM1005 age=0.6s,DONE dur=1145s obs=1122 acc=0.9994m valid=1 active=0 age=0.6s
2026-07-08 09:57:02,9.775,1.002,9.980,10,10,0,0.000,"1005:1, 1074:1, 1077:1, 1084:1, 1087:1, 1094:1, 1097:1, 1124:1, 1127:1, 1230:1",3566.7,1392.2,1,1,5571,28,192062,RTCM1005 age=0.6s,DONE dur=1145s obs=1122 acc=0.9994m valid=1 active=0 age=0.6s
2026-07-08 09:57:04,9.794,1.139,14.045,16,16,0,0.000,"1005:1, 1074:2, 1077:2, 1084:2, 1087:2, 1094:2, 1097:2, 1124:1, 1127:1, 1230:1",4036.1,2025.0,1,1,5587,28,194369,RTCM1005 age=0.8s,DONE dur=1145s obs=1122 acc=0.9994m valid=1 active=0 age=0.8s
2026-07-08 09:57:05,9.811,1.003,9.973,10,10,0,0.000,"1005:1, 1074:1, 1077:1, 1084:1, 1087:1, 1094:1, 1097:1, 1124:1, 1127:1, 1230:1",3564.4,1391.3,1,1,5597,28,195764,RTCM1005 age=0.7s,DONE dur=1145s obs=1122 acc=0.9994m valid=1 active=0 age=0.7s
2026-07-08 09:57:06,9.829,1.054,12.330,13,13,0,0.000,"1005:1, 1074:1, 1077:1, 1084:1, 1087:1, 1094:1, 1097:1, 1124:2, 1127:2, 1230:2",4373.3,1757.5,1,1,5610,28,197617,RTCM1005 age=0.8s,DONE dur=1145s obs=1122 acc=0.9994m valid=1 active=0 age=0.8s
2026-07-08 09:57:07,9.849,1.195,9.204,11,11,0,0.000,"1005:2, 1074:1, 1077:1, 1084:1, 1087:1, 1094:1, 1097:1, 1124:1, 1127:1, 1230:1",4316.5,1188.1,1,1,5621,28,199037,RTCM1005 age=0.0s,DONE dur=1145s obs=1122 acc=0.9994m valid=1 active=0 age=0.0s
2026-07-08 09:57:08,9.865,1.003,9.969,10,10,0,0.000,"1005:1, 1074:1, 1077:1, 1084:1, 1087:1, 1094:1, 1097:1, 1124:1, 1127:1, 1230:1",3608.7,1390.6,1,1,5631,28,200432,RTCM1005 age=0.0s,DONE dur=1145s obs=1122 acc=0.9994m valid=1 active=0 age=0.0s
2026-07-08 09:57:09,9.885,1.197,8.352,10,10,0,0.000,"1005:1, 1074:1, 1077:1, 1084:1, 1087:1, 1094:1, 1097:1, 1124:1, 1127:1, 1230:1",3056.1,1197.7,1,1,5641,28,201866,RTCM1005 age=0.2s,DONE dur=1145s obs=1122 acc=0.9994m valid=1 active=0 age=0.2s
2026-07-08 09:57:10,9.902,1.008,9.922,10,10,0,0.000,"1005:1, 1074:1, 1077:1, 1084:1, 1087:1, 1094:1, 1097:1, 1124:1, 1127:1, 1230:1",3597.8,1422.9,1,1,5651,28,203300,RTCM1005 age=0.2s,DONE dur=1145s obs=1122 acc=0.9994m valid=1 active=0 age=0.2s
2026-07-08 09:57:11,9.922,1.195,8.370,10,10,0,0.000,"1005:1, 1074:1, 1077:1, 1084:1, 1087:1, 1094:1, 1097:1, 1124:1, 1127:1, 1230:1",3034.8,1200.2,1,1,5661,28,204734,RTCM1005 age=0.4s,DONE dur=1145s obs=1122 acc=0.9994m valid=1 active=0 age=0.4s
2026-07-08 09:57:12,9.939,1.017,9.835,10,10,0,0.000,"1005:1, 1074:1, 1077:1, 1084:1, 1087:1, 1094:1, 1097:1, 1124:1, 1127:1, 1230:1",3566.3,1410.4,1,1,5671,28,206168,RTCM1005 age=0.4s,DONE dur=1145s obs=1122 acc=0.9994m valid=1 active=0 age=0.4s
2026-07-08 09:57:13,9.959,1.191,8.395,10,10,0,0.000,"1005:1, 1074:1, 1077:1, 1084:1, 1087:1, 1094:1, 1097:1, 1124:1, 1127:1, 1230:1",3077.7,1237.5,1,1,5681,28,207642,RTCM1005 age=0.6s,DONE dur=1145s obs=1122 acc=0.9994m valid=1 active=0 age=0.6s
2026-07-08 09:57:14,9.975,1.006,9.942,10,10,0,0.000,"1005:1, 1074:1, 1077:1, 1084:1, 1087:1, 1094:1, 1097:1, 1124:1, 1127:1, 1230:1",3644.9,1465.5,1,1,5691,28,209116,RTCM1005 age=0.6s,DONE dur=1145s obs=1122 acc=0.9994m valid=1 active=0 age=0.6s
2026-07-08 09:57:16,9.994,1.131,7.957,9,10,1,10.000,"1074:1, 1077:1, 1084:1, 1087:1, 1094:1, 1097:1, 1124:1, 1127:1, 1230:1",4153.8,1281.1,1,1,5700,29,210565,RTCM1005 age=1.7s,DONE dur=1145s obs=1122 acc=0.9994m valid=1 active=0 age=0.7s
2026-07-08 09:57:17,10.011,1.005,6.962,7,8,1,12.500,"1005:1, 1074:1, 1077:1, 1084:1, 1087:1, 1094:1, 1097:1",3664.1,1010.5,1,1,5707,30,211581,RTCM1005 age=0.8s,DONE dur=1145s obs=1122 acc=0.9994m valid=1 active=0 age=0.8s
2026-07-08 09:57:18,10.029,1.048,12.402,13,13,0,0.000,"1005:1, 1074:1, 1077:1, 1084:1, 1087:1, 1094:1, 1097:1, 1124:2, 1127:2, 1230:2",4491.3,1804.9,1,1,5720,30,213473,RTCM1005 age=0.8s,DONE dur=1145s obs=1122 acc=0.9994m valid=1 active=0 age=0.8s
2026-07-08 09:57:19,10.048,1.190,9.246,11,11,0,0.000,"1005:2, 1074:1, 1077:1, 1084:1, 1087:1, 1094:1, 1097:1, 1124:1, 1127:1, 1230:1",4382.5,1226.3,1,1,5731,30,214932,RTCM1005 age=0.0s,DONE dur=1145s obs=1122 acc=0.9994m valid=1 active=0 age=0.0s
2026-07-08 09:57:20,10.065,1.013,9.871,10,10,0,0.000,"1005:1, 1074:1, 1077:1, 1084:1, 1087:1, 1094:1, 1097:1, 1124:1, 1127:1, 1230:1",3609.7,1415.4,1,1,5741,30,216366,RTCM1005 age=0.0s,DONE dur=1145s obs=1122 acc=0.9994m valid=1 active=0 age=0.0s
2026-07-08 09:57:21,10.085,1.194,8.376,10,10,0,0.000,"1005:1, 1074:1, 1077:1, 1084:1, 1087:1, 1094:1, 1097:1, 1124:1, 1127:1, 1230:1",3063.1,1201.1,1,1,5751,30,217800,RTCM1005 age=0.2s,DONE dur=1145s obs=1122 acc=0.9994m valid=1 active=0 age=0.2s
2026-07-08 09:57:22,10.102,1.006,9.938,10,10,0,0.000,"1005:1, 1074:1, 1077:1, 1084:1, 1087:1, 1094:1, 1097:1, 1124:1, 1127:1, 1230:1",3634.5,1425.2,1,1,5761,30,219234,RTCM1005 age=0.2s,DONE dur=1145s obs=1122 acc=0.9994m valid=1 active=0 age=0.2s
2026-07-08 09:57:23,10.122,1.197,8.357,10,10,0,0.000,"1005:1, 1074:1, 1077:1, 1084:1, 1087:1, 1094:1, 1097:1, 1124:1, 1127:1, 1230:1",3023.7,1165.9,1,1,5771,30,220629,RTCM1005 age=0.4s,DONE dur=1145s obs=1122 acc=0.9994m valid=1 active=0 age=0.4s
2026-07-08 09:57:24,10.139,1.020,9.809,10,10,0,0.000,"1005:1, 1074:1, 1077:1, 1084:1, 1087:1, 1094:1, 1097:1, 1124:1, 1127:1, 1230:1",3548.7,1368.3,1,1,5781,30,222024,RTCM1005 age=0.4s,DONE dur=1145s obs=1122 acc=0.9994m valid=1 active=0 age=0.4s
2026-07-08 09:57:25,10.158,1.178,8.491,10,10,0,0.000,"1005:1, 1074:1, 1077:1, 1084:1, 1087:1, 1094:1, 1097:1, 1124:1, 1127:1, 1230:1",3072.2,1184.5,1,1,5791,30,223419,RTCM1005 age=0.6s,DONE dur=1145s obs=1122 acc=0.9994m valid=1 active=0 age=0.6s
2026-07-08 09:57:26,10.175,1.014,9.864,10,10,0,0.000,"1005:1, 1074:1, 1077:1, 1084:1, 1087:1, 1094:1, 1097:1, 1124:1, 1127:1, 1230:1",3568.6,1376.0,1,1,5801,30,224814,RTCM1005 age=0.6s,DONE dur=1145s obs=1122 acc=0.9994m valid=1 active=0 age=0.6s
2026-07-08 09:57:28,10.194,1.140,14.041,16,16,0,0.000,"1005:1, 1074:2, 1077:2, 1084:2, 1087:2, 1094:2, 1097:2, 1124:1, 1127:1, 1230:1",4107.9,2093.0,1,1,5817,30,227199,RTCM1005 age=0.8s,DONE dur=1145s obs=1122 acc=0.9994m valid=1 active=0 age=0.8s
2026-07-08 09:57:29,10.211,1.002,9.985,10,10,0,0.000,"1005:1, 1074:1, 1077:1, 1084:1, 1087:1, 1094:1, 1097:1, 1124:1, 1127:1, 1230:1",3651.4,1431.8,1,1,5827,30,228633,RTCM1005 age=0.7s,DONE dur=1145s obs=1122 acc=0.9994m valid=1 active=0 age=0.7s
2026-07-08 09:57:30,10.229,1.053,12.349,13,13,0,0.000,"1005:1, 1074:1, 1077:1, 1084:1, 1087:1, 1094:1, 1097:1, 1124:2, 1127:2, 1230:2",4446.4,1797.2,1,1,5840,30,230525,RTCM1005 age=0.8s,DONE dur=1145s obs=1122 acc=0.9994m valid=1 active=0 age=0.8s
2026-07-08 09:57:31,10.248,1.190,9.247,11,11,0,0.000,"1005:2, 1074:1, 1077:1, 1084:1, 1087:1, 1094:1, 1097:1, 1124:1, 1127:1, 1230:1",4405.0,1226.5,1,1,5851,30,231984,RTCM1005 age=0.0s,DONE dur=1145s obs=1122 acc=0.9994m valid=1 active=0 age=0.0s
2026-07-08 09:57:32,10.265,1.020,9.803,10,10,0,0.000,"1005:1, 1074:1, 1077:1, 1084:1, 1087:1, 1094:1, 1097:1, 1124:1, 1127:1, 1230:1",3559.5,1405.8,1,1,5861,30,233418,RTCM1005 age=0.0s,DONE dur=1145s obs=1122 acc=0.9994m valid=1 active=0 age=0.0s
2026-07-08 09:57:33,10.285,1.195,8.371,10,10,0,0.000,"1005:1, 1074:1, 1077:1, 1084:1, 1087:1, 1094:1, 1097:1, 1124:1, 1127:1, 1230:1",3037.8,1200.4,1,1,5871,30,234852,RTCM1005 age=0.2s,DONE dur=1145s obs=1122 acc=0.9994m valid=1 active=0 age=0.2s
2026-07-08 09:57:34,10.305,1.196,8.365,10,10,0,0.000,"1005:1, 1074:1, 1077:1, 1084:1, 1087:1, 1094:1, 1097:1, 1124:1, 1127:1, 1230:1",3048.1,1199.5,1,1,5881,30,236286,RTCM1005 age=0.4s,DONE dur=1145s obs=1122 acc=0.9994m valid=1 active=0 age=0.4s
2026-07-08 09:57:35,10.325,1.186,8.431,10,10,0,0.000,"1005:1, 1074:1, 1077:1, 1084:1, 1087:1, 1094:1, 1097:1, 1124:1, 1127:1, 1230:1",3044.5,1209.0,1,1,5891,30,237720,RTCM1005 age=0.6s,DONE dur=1145s obs=1122 acc=0.9994m valid=1 active=0 age=0.6s
2026-07-08 09:57:36,10.342,1.018,9.821,10,10,0,0.000,"1005:1, 1074:1, 1077:1, 1084:1, 1087:1, 1094:1, 1097:1, 1124:1, 1127:1, 1230:1",3533.6,1408.3,1,1,5901,30,239154,RTCM1005 age=0.6s,DONE dur=1145s obs=1122 acc=0.9994m valid=1 active=0 age=0.6s
2026-07-08 09:57:38,10.361,1.141,14.017,16,16,0,0.000,"1005:1, 1074:2, 1077:2, 1084:2, 1087:2, 1094:2, 1097:2, 1124:1, 1127:1, 1230:1",4050.9,2089.4,1,1,5917,30,241539,RTCM1005 age=0.8s,DONE dur=1145s obs=1122 acc=0.9994m valid=1 active=0 age=0.8s
2026-07-08 09:57:39,10.379,1.050,12.386,13,13,0,0.000,"1005:1, 1074:1, 1077:1, 1084:1, 1087:1, 1094:1, 1097:1, 1124:2, 1127:2, 1230:2",4420.0,1802.7,1,1,5930,30,243431,RTCM1005 age=0.8s,DONE dur=1145s obs=1122 acc=0.9994m valid=1 active=0 age=0.8s
2026-07-08 09:57:40,10.395,1.012,9.882,10,10,0,0.000,"1005:1, 1074:1, 1077:1, 1084:1, 1087:1, 1094:1, 1097:1, 1124:1, 1127:1, 1230:1",3572.2,1417.0,1,1,5940,30,244865,RTCM1005 age=0.8s,DONE dur=1145s obs=1122 acc=0.9994m valid=1 active=0 age=0.8s
2026-07-08 09:57:41,10.415,1.197,9.191,11,11,0,0.000,"1005:2, 1074:1, 1077:1, 1084:1, 1087:1, 1094:1, 1097:1, 1124:1, 1127:1, 1230:1",4302.4,1219.1,1,1,5951,30,246324,RTCM1005 age=0.0s,DONE dur=1145s obs=1122 acc=0.9994m valid=1 active=0 age=0.0s
2026-07-08 09:57:42,10.432,1.009,9.909,10,10,0,0.000,"1005:1, 1074:1, 1077:1, 1084:1, 1087:1, 1094:1, 1097:1, 1124:1, 1127:1, 1230:1",3545.3,1420.9,1,1,5961,30,247758,RTCM1005 age=0.0s,DONE dur=1145s obs=1122 acc=0.9994m valid=1 active=0 age=0.0s
2026-07-08 09:57:43,10.452,1.182,8.461,10,10,0,0.000,"1005:1, 1074:1, 1077:1, 1084:1, 1087:1, 1094:1, 1097:1, 1124:1, 1127:1, 1230:1",3027.2,1213.2,1,1,5971,30,249192,RTCM1005 age=0.2s,DONE dur=1145s obs=1122 acc=0.9994m valid=1 active=0 age=0.2s
2026-07-08 09:57:44,10.469,1.016,9.838,10,10,0,0.000,"1005:1, 1074:1, 1077:1, 1084:1, 1087:1, 1094:1, 1097:1, 1124:1, 1127:1, 1230:1",3520.2,1410.8,1,1,5981,30,250626,RTCM1005 age=0.2s,DONE dur=1145s obs=1122 acc=0.9994m valid=1 active=0 age=0.2s
2026-07-08 09:57:45,10.489,1.183,8.454,10,10,0,0.000,"1005:1, 1074:1, 1077:1, 1084:1, 1087:1, 1094:1, 1097:1, 1124:1, 1127:1, 1230:1",3025.0,1212.4,1,1,5991,30,252060,RTCM1005 age=0.4s,DONE dur=1145s obs=1122 acc=0.9994m valid=1 active=0 age=0.4s
2026-07-08 09:57:46,10.505,1.006,9.942,10,10,0,0.000,"1005:1, 1074:1, 1077:1, 1084:1, 1087:1, 1094:1, 1097:1, 1124:1, 1127:1, 1230:1",3518.3,1386.8,1,1,6001,30,253455,RTCM1005 age=0.4s,DONE dur=1145s obs=1122 acc=0.9994m valid=1 active=0 age=0.4s
2026-07-08 09:57:47,10.525,1.195,8.370,10,10,0,0.000,"1005:1, 1074:1, 1077:1, 1084:1, 1087:1, 1094:1, 1097:1, 1124:1, 1127:1, 1230:1",2993.2,1200.3,1,1,6011,30,254889,RTCM1005 age=0.6s,DONE dur=1145s obs=1122 acc=0.9994m valid=1 active=0 age=0.6s
2026-07-08 09:57:48,10.542,1.021,9.795,10,10,0,0.000,"1005:1, 1074:1, 1077:1, 1084:1, 1087:1, 1094:1, 1097:1, 1124:1, 1127:1, 1230:1",3510.5,1404.6,1,1,6021,30,256323,RTCM1005 age=0.6s,DONE dur=1145s obs=1122 acc=0.9994m valid=1 active=0 age=0.6s
2026-07-08 09:57:50,10.561,1.127,14.196,16,16,0,0.000,"1005:1, 1074:2, 1077:2, 1084:2, 1087:2, 1094:2, 1097:2, 1124:1, 1127:1, 1230:1",4081.5,2116.2,1,1,6037,30,258708,RTCM1005 age=0.8s,DONE dur=1145s obs=1122 acc=0.9994m valid=1 active=0 age=0.8s
2026-07-08 09:57:51,10.578,1.037,12.540,13,13,0,0.000,"1005:1, 1074:1, 1077:1, 1084:1, 1087:1, 1094:1, 1097:1, 1124:2, 1127:2, 1230:2",4437.3,1825.1,1,1,6050,30,260600,RTCM1005 age=0.8s,DONE dur=1145s obs=1122 acc=0.9994m valid=1 active=0 age=0.8s
2026-07-08 09:57:52,10.595,1.016,9.845,10,10,0,0.000,"1005:1, 1074:1, 1077:1, 1084:1, 1087:1, 1094:1, 1097:1, 1124:1, 1127:1, 1230:1",3524.4,1411.7,1,1,6060,30,262034,RTCM1005 age=0.8s,DONE dur=1145s obs=1122 acc=0.9994m valid=1 active=0 age=0.8s
2026-07-08 09:57:53,10.615,1.199,9.176,11,11,0,0.000,"1005:2, 1074:1, 1077:1, 1084:1, 1087:1, 1094:1, 1097:1, 1124:1, 1127:1, 1230:1",4305.0,1250.4,1,1,6071,30,263533,RTCM1005 age=0.0s,DONE dur=1145s obs=1122 acc=0.9994m valid=1 active=0 age=0.0s
2026-07-08 09:57:54,10.632,1.018,9.819,10,10,0,0.000,"1005:1, 1074:1, 1077:1, 1084:1, 1087:1, 1094:1, 1097:1, 1124:1, 1127:1, 1230:1",3523.9,1408.0,1,1,6081,30,264967,RTCM1005 age=0.0s,DONE dur=1145s obs=1122 acc=0.9994m valid=1 active=0 age=0.0s
2026-07-08 09:57:55,10.652,1.188,8.417,10,10,0,0.000,"1005:1, 1074:1, 1077:1, 1084:1, 1087:1, 1094:1, 1097:1, 1124:1, 1127:1, 1230:1",3031.7,1207.0,1,1,6091,30,266401,RTCM1005 age=0.2s,DONE dur=1145s obs=1122 acc=0.9994m valid=1 active=0 age=0.2s
2026-07-08 09:57:56,10.669,1.003,9.971,10,10,0,0.000,"1005:1, 1074:1, 1077:1, 1084:1, 1087:1, 1094:1, 1097:1, 1124:1, 1127:1, 1230:1",3574.6,1390.9,1,1,6101,30,267796,RTCM1005 age=0.2s,DONE dur=1145s obs=1122 acc=0.9994m valid=1 active=0 age=0.2s
2026-07-08 09:57:57,10.689,1.192,8.391,10,10,0,0.000,"1005:1, 1074:1, 1077:1, 1084:1, 1087:1, 1094:1, 1097:1, 1124:1, 1127:1, 1230:1",3008.2,1170.6,1,1,6111,30,269191,RTCM1005 age=0.4s,DONE dur=1145s obs=1122 acc=0.9994m valid=1 active=0 age=0.4s
2026-07-08 09:57:58,10.706,1.019,9.815,10,10,0,0.000,"1005:1, 1074:1, 1077:1, 1084:1, 1087:1, 1094:1, 1097:1, 1124:1, 1127:1, 1230:1",3518.6,1369.2,1,1,6121,30,270586,RTCM1005 age=0.4s,DONE dur=1145s obs=1122 acc=0.9994m valid=1 active=0 age=0.4s
2026-07-08 09:57:59,10.725,1.180,8.475,10,10,0,0.000,"1005:1, 1074:1, 1077:1, 1084:1, 1087:1, 1094:1, 1097:1, 1124:1, 1127:1, 1230:1",3050.9,1182.2,1,1,6131,30,271981,RTCM1005 age=0.6s,DONE dur=1145s obs=1122 acc=0.9994m valid=1 active=0 age=0.6s
2026-07-08 09:58:00,10.742,1.011,9.891,10,10,0,0.000,"1005:1, 1074:1, 1077:1, 1084:1, 1087:1, 1094:1, 1097:1, 1124:1, 1127:1, 1230:1",3560.6,1379.7,1,1,6141,30,273376,RTCM1005 age=0.6s,DONE dur=1145s obs=1122 acc=0.9994m valid=1 active=0 age=0.6s
2026-07-08 09:58:02,10.761,1.143,14.003,16,16,0,0.000,"1005:1, 1074:2, 1077:2, 1084:2, 1087:2, 1094:2, 1097:2, 1124:1, 1127:1, 1230:1",4035.4,2019.0,1,1,6157,30,275683,RTCM1005 age=0.8s,DONE dur=1145s obs=1122 acc=0.9994m valid=1 active=0 age=0.8s
2026-07-08 09:58:03,10.779,1.051,12.374,13,13,0,0.000,"1005:1, 1074:1, 1077:1, 1084:1, 1087:1, 1094:1, 1097:1, 1124:2, 1127:2, 1230:2",4432.6,1800.8,1,1,6170,30,277575,RTCM1005 age=0.8s,DONE dur=1145s obs=1122 acc=0.9994m valid=1 active=0 age=0.8s
2026-07-08 09:58:04,10.799,1.201,9.158,11,11,0,0.000,"1005:2, 1074:1, 1077:1, 1084:1, 1087:1, 1094:1, 1097:1, 1124:1, 1127:1, 1230:1",4380.2,1214.7,1,1,6181,30,279034,RTCM1005 age=0.0s,DONE dur=1145s obs=1122 acc=0.9994m valid=1 active=0 age=0.0s
2026-07-08 09:58:05,10.819,1.196,8.361,10,10,0,0.000,"1005:1, 1074:1, 1077:1, 1084:1, 1087:1, 1094:1, 1097:1, 1124:1, 1127:1, 1230:1",3100.4,1232.5,1,1,6191,30,280508,RTCM1005 age=0.2s,DONE dur=1145s obs=1122 acc=0.9994m valid=1 active=0 age=0.2s
2026-07-08 09:58:06,10.835,1.008,8.931,9,9,0,0.000,"1074:1, 1077:1, 1084:1, 1087:1, 1094:1, 1097:1, 1124:1, 1127:1, 1230:1",3679.4,1437.8,1,1,6200,30,281957,RTCM1005 age=1.2s,DONE dur=1145s obs=1122 acc=0.9994m valid=1 active=0 age=0.2s
2026-07-08 09:58:07,10.855,1.182,4.229,5,6,1,16.667,"1005:1, 1097:1, 1124:1, 1127:1, 1230:1",3136.1,578.5,1,1,6205,31,282641,RTCM1005 age=0.4s,DONE dur=1145s obs=1122 acc=0.9994m valid=1 active=0 age=0.4s
2026-07-08 09:58:08,10.872,1.014,9.862,10,10,0,0.000,"1005:1, 1074:1, 1077:1, 1084:1, 1087:1, 1094:1, 1097:1, 1124:1, 1127:1, 1230:1",3637.1,1414.2,1,1,6215,31,284075,RTCM1005 age=0.4s,DONE dur=1145s obs=1122 acc=0.9994m valid=1 active=0 age=0.4s
2026-07-08 09:58:09,10.892,1.196,8.364,10,10,0,0.000,"1005:1, 1074:1, 1077:1, 1084:1, 1087:1, 1094:1, 1097:1, 1124:1, 1127:1, 1230:1",3095.5,1199.4,1,1,6225,31,285509,RTCM1005 age=0.6s,DONE dur=1145s obs=1122 acc=0.9994m valid=1 active=0 age=0.6s
2026-07-08 09:58:10,10.909,1.006,9.943,10,10,0,0.000,"1005:1, 1074:1, 1077:1, 1084:1, 1087:1, 1094:1, 1097:1, 1124:1, 1127:1, 1230:1",3679.8,1425.8,1,1,6235,31,286943,RTCM1005 age=0.6s,DONE dur=1145s obs=1122 acc=0.9994m valid=1 active=0 age=0.6s
2026-07-08 09:58:11,10.925,1.002,9.979,10,10,0,0.000,"1005:1, 1074:1, 1077:1, 1084:1, 1087:1, 1094:1, 1097:1, 1124:1, 1127:1, 1230:1",3680.4,1431.1,1,1,6245,31,288377,RTCM1005 age=0.6s,DONE dur=1145s obs=1122 acc=0.9994m valid=1 active=0 age=0.6s
2026-07-08 09:58:12,10.942,1.012,9.879,10,10,0,0.000,"1005:1, 1074:1, 1077:1, 1084:1, 1087:1, 1094:1, 1097:1, 1124:1, 1127:1, 1230:1",3656.2,1416.6,1,1,6255,31,289811,RTCM1005 age=0.6s,DONE dur=1145s obs=1122 acc=0.9994m valid=1 active=0 age=0.6s
2026-07-08 09:58:14,10.961,1.132,14.139,16,16,0,0.000,"1005:1, 1074:2, 1077:2, 1084:2, 1087:2, 1094:2, 1097:2, 1124:1, 1127:1, 1230:1",4146.3,2107.6,1,1,6271,31,292196,RTCM1005 age=0.7s,DONE dur=1145s obs=1122 acc=0.9994m valid=1 active=0 age=0.7s
2026-07-08 09:58:15,10.978,1.037,12.541,13,13,0,0.000,"1005:1, 1074:1, 1077:1, 1084:1, 1087:1, 1094:1, 1097:1, 1124:2, 1127:2, 1230:2",4526.3,1825.2,1,1,6284,31,294088,RTCM1005 age=0.8s,DONE dur=1145s obs=1122 acc=0.9994m valid=1 active=0 age=0.8s
2026-07-08 09:58:16,10.995,1.011,9.890,10,10,0,0.000,"1005:1, 1074:1, 1077:1, 1084:1, 1087:1, 1094:1, 1097:1, 1124:1, 1127:1, 1230:1",3627.8,1418.3,1,1,6294,31,295522,RTCM1005 age=0.8s,DONE dur=1145s obs=1122 acc=0.9994m valid=1 active=0 age=0.8s
2026-07-08 09:58:17,11.012,1.002,9.981,10,10,0,0.000,"1005:1, 1074:1, 1077:1, 1084:1, 1087:1, 1094:1, 1097:1, 1124:1, 1127:1, 1230:1",3660.9,1392.3,1,1,6304,31,296917,RTCM1005 age=0.8s,DONE dur=1145s obs=1122 acc=0.9994m valid=1 active=0 age=0.8s
2026-07-08 09:58:18,11.029,1.003,9.971,10,10,0,0.000,"1005:1, 1074:1, 1077:1, 1084:1, 1087:1, 1094:1, 1097:1, 1124:1, 1127:1, 1230:1",3618.3,1390.9,1,1,6314,31,298312,RTCM1005 age=0.8s,DONE dur=1145s obs=1122 acc=0.9994m valid=1 active=0 age=0.8s
2026-07-08 09:58:19,11.049,1.195,9.208,11,11,0,0.000,"1005:2, 1074:1, 1077:1, 1084:1, 1087:1, 1094:1, 1097:1, 1124:1, 1127:1, 1230:1",4320.4,1188.7,1,1,6325,31,299732,RTCM1005 age=0.0s,DONE dur=1145s obs=1122 acc=0.9994m valid=1 active=0 age=0.0s
2026-07-08 09:58:20,11.065,1.005,9.954,10,10,0,0.000,"1005:1, 1074:1, 1077:1, 1084:1, 1087:1, 1094:1, 1097:1, 1124:1, 1127:1, 1230:1",3581.5,1388.6,1,1,6335,31,301127,RTCM1005 age=0.0s,DONE dur=1145s obs=1122 acc=0.9994m valid=1 active=0 age=0.0s
2026-07-08 09:58:21,11.085,1.196,8.358,10,10,0,0.000,"1005:1, 1074:1, 1077:1, 1084:1, 1087:1, 1094:1, 1097:1, 1124:1, 1127:1, 1230:1",3007.4,1166.0,1,1,6345,31,302522,RTCM1005 age=0.2s,DONE dur=1145s obs=1122 acc=0.9994m valid=1 active=0 age=0.2s
2026-07-08 09:58:22,11.102,1.004,9.963,10,10,0,0.000,"1005:1, 1074:1, 1077:1, 1084:1, 1087:1, 1094:1, 1097:1, 1124:1, 1127:1, 1230:1",3558.8,1389.8,1,1,6355,31,303917,RTCM1005 age=0.2s,DONE dur=1145s obs=1122 acc=0.9994m valid=1 active=0 age=0.2s
2026-07-08 09:58:23,11.122,1.189,8.407,10,10,0,0.000,"1005:1, 1074:1, 1077:1, 1084:1, 1087:1, 1094:1, 1097:1, 1124:1, 1127:1, 1230:1",3046.8,1205.6,1,1,6365,31,305351,RTCM1005 age=0.4s,DONE dur=1145s obs=1122 acc=0.9994m valid=1 active=0 age=0.4s
2026-07-08 09:58:24,11.139,1.025,9.752,10,10,0,0.000,"1005:1, 1074:1, 1077:1, 1084:1, 1087:1, 1094:1, 1097:1, 1124:1, 1127:1, 1230:1",3534.1,1398.4,1,1,6375,31,306785,RTCM1005 age=0.4s,DONE dur=1145s obs=1122 acc=0.9994m valid=1 active=0 age=0.4s
2026-07-08 09:58:25,11.159,1.182,8.458,10,10,0,0.000,"1005:1, 1074:1, 1077:1, 1084:1, 1087:1, 1094:1, 1097:1, 1124:1, 1127:1, 1230:1",3065.2,1212.9,1,1,6385,31,308219,RTCM1005 age=0.6s,DONE dur=1145s obs=1122 acc=0.9994m valid=1 active=0 age=0.6s
2026-07-08 09:58:26,11.175,1.012,9.877,10,10,0,0.000,"1005:1, 1074:1, 1077:1, 1084:1, 1087:1, 1094:1, 1097:1, 1124:1, 1127:1, 1230:1",3609.9,1416.3,1,1,6395,31,309653,RTCM1005 age=0.6s,DONE dur=1145s obs=1122 acc=0.9994m valid=1 active=0 age=0.6s
2026-07-08 09:58:28,11.194,1.137,14.071,16,16,0,0.000,"1005:1, 1074:2, 1077:2, 1084:2, 1087:2, 1094:2, 1097:2, 1124:1, 1127:1, 1230:1",4114.8,2097.4,1,1,6411,31,312038,RTCM1005 age=0.7s,DONE dur=1145s obs=1122 acc=0.9994m valid=1 active=0 age=0.7s
2026-07-08 09:58:29,11.211,1.003,9.970,10,10,0,0.000,"1005:1, 1074:1, 1077:1, 1084:1, 1087:1, 1094:1, 1097:1, 1124:1, 1127:1, 1230:1",3643.9,1429.7,1,1,6421,31,313472,RTCM1005 age=0.7s,DONE dur=1145s obs=1122 acc=0.9994m valid=1 active=0 age=0.7s
2026-07-08 09:58:30,11.229,1.048,12.404,13,13,0,0.000,"1005:1, 1074:1, 1077:1, 1084:1, 1087:1, 1094:1, 1097:1, 1124:2, 1127:2, 1230:2",4464.4,1805.2,1,1,6434,31,315364,RTCM1005 age=0.8s,DONE dur=1145s obs=1122 acc=0.9994m valid=1 active=0 age=0.8s
2026-07-08 09:58:31,11.248,1.188,9.261,11,11,0,0.000,"1005:2, 1074:1, 1077:1, 1084:1, 1087:1, 1094:1, 1097:1, 1124:1, 1127:1, 1230:1",4419.1,1228.3,1,1,6445,31,316823,RTCM1005 age=0.0s,DONE dur=1145s obs=1122 acc=0.9994m valid=1 active=0 age=0.0s
2026-07-08 09:58:32,11.265,1.009,9.912,10,10,0,0.000,"1005:1, 1074:1, 1077:1, 1084:1, 1087:1, 1094:1, 1097:1, 1124:1, 1127:1, 1230:1",3609.9,1421.4,1,1,6455,31,318257,RTCM1005 age=0.0s,DONE dur=1145s obs=1122 acc=0.9994m valid=1 active=0 age=0.0s
2026-07-08 09:58:33,11.282,1.012,9.886,10,10,0,0.000,"1005:1, 1074:1, 1077:1, 1084:1, 1087:1, 1094:1, 1097:1, 1124:1, 1127:1, 1230:1",3600.3,1417.6,1,1,6465,31,319691,RTCM1005 age=0.0s,DONE dur=1145s obs=1122 acc=0.9994m valid=1 active=0 age=0.0s
2026-07-08 09:58:34,11.302,1.197,8.352,10,10,0,0.000,"1005:1, 1074:1, 1077:1, 1084:1, 1087:1, 1094:1, 1097:1, 1124:1, 1127:1, 1230:1",3041.8,1197.7,1,1,6475,31,321125,RTCM1005 age=0.2s,DONE dur=1145s obs=1122 acc=0.9994m valid=1 active=0 age=0.2s
2026-07-08 09:58:35,11.322,1.194,8.373,10,10,0,0.000,"1005:1, 1074:1, 1077:1, 1084:1, 1087:1, 1094:1, 1097:1, 1124:1, 1127:1, 1230:1",3016.6,1168.0,1,1,6485,31,322520,RTCM1005 age=0.4s,DONE dur=1145s obs=1122 acc=0.9994m valid=1 active=0 age=0.4s
2026-07-08 09:58:36,11.339,1.008,9.917,10,10,0,0.000,"1005:1, 1074:1, 1077:1, 1084:1, 1087:1, 1094:1, 1097:1, 1124:1, 1127:1, 1230:1",3573.2,1383.5,1,1,6495,31,323915,RTCM1005 age=0.4s,DONE dur=1145s obs=1122 acc=0.9994m valid=1 active=0 age=0.4s
2026-07-08 09:58:37,11.359,1.191,8.397,10,10,0,0.000,"1005:1, 1074:1, 1077:1, 1084:1, 1087:1, 1094:1, 1097:1, 1124:1, 1127:1, 1230:1",3047.4,1204.2,1,1,6505,31,325349,RTCM1005 age=0.6s,DONE dur=1145s obs=1122 acc=0.9994m valid=1 active=0 age=0.6s
2026-07-08 09:58:38,11.375,1.005,9.952,10,10,0,0.000,"1005:1, 1074:1, 1077:1, 1084:1, 1087:1, 1094:1, 1097:1, 1124:1, 1127:1, 1230:1",3611.7,1427.2,1,1,6515,31,326783,RTCM1005 age=0.6s,DONE dur=1145s obs=1122 acc=0.9994m valid=1 active=0 age=0.6s
2026-07-08 09:58:40,11.394,1.141,14.024,16,16,0,0.000,"1005:1, 1074:2, 1077:2, 1084:2, 1087:2, 1094:2, 1097:2, 1124:1, 1127:1, 1230:1",4078.4,2090.5,1,1,6531,31,329168,RTCM1005 age=0.7s,DONE dur=1145s obs=1122 acc=0.9994m valid=1 active=0 age=0.8s
2026-07-08 09:58:41,11.411,1.006,9.942,10,10,0,0.000,"1005:1, 1074:1, 1077:1, 1084:1, 1087:1, 1094:1, 1097:1, 1124:1, 1127:1, 1230:1",3608.1,1387.0,1,1,6541,31,330563,RTCM1005 age=0.8s,DONE dur=1145s obs=1122 acc=0.9994m valid=1 active=0 age=0.8s
2026-07-08 09:58:42,11.429,1.060,12.267,13,13,0,0.000,"1005:1, 1074:1, 1077:1, 1084:1, 1087:1, 1094:1, 1097:1, 1124:2, 1127:2, 1230:2",4353.8,1748.5,1,1,6554,31,332416,RTCM1005 age=0.8s,DONE dur=1145s obs=1122 acc=0.9994m valid=1 active=0 age=0.8s
2026-07-08 09:58:43,11.449,1.198,9.185,11,11,0,0.000,"1005:2, 1074:1, 1077:1, 1084:1, 1087:1, 1094:1, 1097:1, 1124:1, 1127:1, 1230:1",4230.1,1185.7,1,1,6565,31,333836,RTCM1005 age=0.0s,DONE dur=1145s obs=1122 acc=0.9994m valid=1 active=0 age=0.0s
2026-07-08 09:58:44,11.465,1.002,9.975,10,10,0,0.000,"1005:1, 1074:1, 1077:1, 1084:1, 1087:1, 1094:1, 1097:1, 1124:1, 1127:1, 1230:1",3548.2,1391.6,1,1,6575,31,335231,RTCM1005 age=0.0s,DONE dur=1145s obs=1122 acc=0.9994m valid=1 active=0 age=0.0s
2026-07-08 09:58:45,11.485,1.187,8.421,10,10,0,0.000,"1005:1, 1074:1, 1077:1, 1084:1, 1087:1, 1094:1, 1097:1, 1124:1, 1127:1, 1230:1",2995.5,1174.8,1,1,6585,31,336626,RTCM1005 age=0.2s,DONE dur=1145s obs=1122 acc=0.9994m valid=1 active=0 age=0.2s
2026-07-08 09:58:46,11.502,1.004,9.957,10,10,0,0.000,"1005:1, 1074:1, 1077:1, 1084:1, 1087:1, 1094:1, 1097:1, 1124:1, 1127:1, 1230:1",3541.5,1388.9,1,1,6595,31,338021,RTCM1005 age=0.2s,DONE dur=1145s obs=1122 acc=0.9994m valid=1 active=0 age=0.2s
2026-07-08 09:58:47,11.522,1.200,8.337,10,10,0,0.000,"1005:1, 1074:1, 1077:1, 1084:1, 1087:1, 1094:1, 1097:1, 1124:1, 1127:1, 1230:1",2898.7,1096.3,1,1,6605,31,339336,RTCM1005 age=0.4s,DONE dur=1145s obs=1122 acc=0.9994m valid=1 active=0 age=0.4s
2026-07-08 09:58:48,11.539,1.000,9.999,10,10,0,0.000,"1005:1, 1074:1, 1077:1, 1084:1, 1087:1, 1094:1, 1097:1, 1124:1, 1127:1, 1230:1",3476.6,1314.8,1,1,6615,31,340651,RTCM1005 age=0.4s,DONE dur=1145s obs=1122 acc=0.9994m valid=1 active=0 age=0.4s
2026-07-08 09:58:49,11.559,1.196,8.365,10,10,0,0.000,"1005:1, 1074:1, 1077:1, 1084:1, 1087:1, 1094:1, 1097:1, 1124:1, 1127:1, 1230:1",2941.8,1133.4,1,1,6625,31,342006,RTCM1005 age=0.6s,DONE dur=1145s obs=1122 acc=0.9994m valid=1 active=0 age=0.6s
2026-07-08 09:58:50,11.575,1.005,9.951,10,10,0,0.000,"1005:1, 1074:1, 1077:1, 1084:1, 1087:1, 1094:1, 1097:1, 1124:1, 1127:1, 1230:1",3499.8,1348.4,1,1,6635,31,343361,RTCM1005 age=0.6s,DONE dur=1145s obs=1122 acc=0.9994m valid=1 active=0 age=0.6s
2026-07-08 09:58:51,11.592,1.000,9.999,10,10,0,0.000,"1005:1, 1074:1, 1077:1, 1084:1, 1087:1, 1094:1, 1097:1, 1124:1, 1127:1, 1230:1",3556.8,1394.9,1,1,6645,31,344756,RTCM1005 age=0.6s,DONE dur=1145s obs=1122 acc=0.9994m valid=1 active=0 age=0.6s
2026-07-08 09:58:52,11.609,1.002,9.979,10,10,0,0.000,"1005:1, 1074:1, 1077:1, 1084:1, 1087:1, 1094:1, 1097:1, 1124:1, 1127:1, 1230:1",3549.5,1392.1,1,1,6655,31,346151,RTCM1005 age=0.6s,DONE dur=1145s obs=1122 acc=0.9994m valid=1 active=0 age=0.6s
2026-07-08 09:58:53,11.625,1.001,9.990,10,10,0,0.000,"1005:1, 1074:1, 1077:1, 1084:1, 1087:1, 1094:1, 1097:1, 1124:1, 1127:1, 1230:1",3553.6,1393.7,1,1,6665,31,347546,RTCM1005 age=0.6s,DONE dur=1145s obs=1122 acc=0.9994m valid=1 active=0 age=0.6s
2026-07-08 09:58:54,11.642,1.014,9.866,10,10,0,0.000,"1005:1, 1074:1, 1077:1, 1084:1, 1087:1, 1094:1, 1097:1, 1124:1, 1127:1, 1230:1",3509.5,1376.4,1,1,6675,31,348941,RTCM1005 age=0.6s,DONE dur=1145s obs=1122 acc=0.9994m valid=1 active=0 age=0.6s
2026-07-08 09:58:56,11.661,1.128,14.187,16,16,0,0.000,"1005:1, 1074:2, 1077:2, 1084:2, 1087:2, 1094:2, 1097:2, 1124:1, 1127:1, 1230:1",4061.8,2045.5,1,1,6691,31,351248,RTCM1005 age=0.7s,DONE dur=1145s obs=1122 acc=0.9994m valid=1 active=0 age=0.7s
2026-07-08 09:58:57,11.678,1.009,9.908,10,10,0,0.000,"1005:1, 1074:1, 1077:1, 1084:1, 1087:1, 1094:1, 1097:1, 1124:1, 1127:1, 1230:1",3524.3,1382.2,1,1,6701,31,352643,RTCM1005 age=0.8s,DONE dur=1145s obs=1122 acc=0.9994m valid=1 active=0 age=0.8s
2026-07-08 09:58:58,11.695,1.055,5.688,6,9,3,33.333,"1124:2, 1127:2, 1230:2",4342.7,868.4,1,1,6707,34,353559,RTCM1005 age=1.8s,DONE dur=1145s obs=1122 acc=0.9994m valid=1 active=0 age=0.8s
2026-07-08 09:58:59,11.715,1.196,9.198,11,11,0,0.000,"1005:2, 1074:1, 1077:1, 1084:1, 1087:1, 1094:1, 1097:1, 1124:1, 1127:1, 1230:1",4214.4,1187.4,1,1,6718,34,354979,RTCM1005 age=0.0s,DONE dur=1145s obs=1122 acc=0.9994m valid=1 active=0 age=0.0s
2026-07-08 09:59:00,11.732,1.012,9.881,10,10,0,0.000,"1005:1, 1074:1, 1077:1, 1084:1, 1087:1, 1094:1, 1097:1, 1124:1, 1127:1, 1230:1",3501.9,1378.4,1,1,6728,34,356374,RTCM1005 age=0.0s,DONE dur=1145s obs=1122 acc=0.9994m valid=1 active=0 age=0.0s
2026-07-08 09:59:01,11.752,1.178,8.488,10,10,0,0.000,"1005:1, 1074:1, 1077:1, 1084:1, 1087:1, 1094:1, 1097:1, 1124:1, 1127:1, 1230:1",3008.3,1184.1,1,1,6738,34,357769,RTCM1005 age=0.2s,DONE dur=1145s obs=1122 acc=0.9994m valid=1 active=0 age=0.2s
2026-07-08 09:59:02,11.769,1.009,9.915,10,10,0,0.000,"1005:1, 1074:1, 1077:1, 1084:1, 1087:1, 1094:1, 1097:1, 1124:1, 1127:1, 1230:1",3514.0,1383.2,1,1,6748,34,359164,RTCM1005 age=0.2s,DONE dur=1145s obs=1122 acc=0.9994m valid=1 active=0 age=0.2s
2026-07-08 09:59:03,11.785,1.003,9.968,10,10,0,0.000,"1005:1, 1074:1, 1077:1, 1084:1, 1087:1, 1094:1, 1097:1, 1124:1, 1127:1, 1230:1",3532.7,1390.6,1,1,6758,34,360559,RTCM1005 age=0.2s,DONE dur=1145s obs=1122 acc=0.9994m valid=1 active=0 age=0.2s
2026-07-08 09:59:04,11.805,1.184,8.449,10,10,0,0.000,"1005:1, 1074:1, 1077:1, 1084:1, 1087:1, 1094:1, 1097:1, 1124:1, 1127:1, 1230:1",2994.4,1178.7,1,1,6768,34,361954,RTCM1005 age=0.4s,DONE dur=1145s obs=1122 acc=0.9994m valid=1 active=0 age=0.4s
2026-07-08 09:59:05,11.822,1.003,9.970,10,10,0,0.000,"1005:1, 1074:1, 1077:1, 1084:1, 1087:1, 1094:1, 1097:1, 1124:1, 1127:1, 1230:1",3533.4,1390.8,1,1,6778,34,363349,RTCM1005 age=0.4s,DONE dur=1145s obs=1122 acc=0.9994m valid=1 active=0 age=0.4s
2026-07-08 09:59:06,11.839,1.010,9.901,10,10,0,0.000,"1005:1, 1074:1, 1077:1, 1084:1, 1087:1, 1094:1, 1097:1, 1124:1, 1127:1, 1230:1",3521.9,1381.2,1,1,6788,34,364744,RTCM1005 age=0.4s,DONE dur=1145s obs=1122 acc=0.9994m valid=1 active=0 age=0.4s
2026-07-08 09:59:07,11.859,1.191,8.393,10,10,0,0.000,"1005:1, 1074:1, 1077:1, 1084:1, 1087:1, 1094:1, 1097:1, 1124:1, 1127:1, 1230:1",2974.5,1170.8,1,1,6798,34,366139,RTCM1005 age=0.6s,DONE dur=1145s obs=1122 acc=0.9994m valid=1 active=0 age=0.6s
2026-07-08 09:59:08,11.875,1.008,9.923,10,10,0,0.000,"1005:1, 1074:1, 1077:1, 1084:1, 1087:1, 1094:1, 1097:1, 1124:1, 1127:1, 1230:1",3516.7,1384.2,1,1,6808,34,367534,RTCM1005 age=0.6s,DONE dur=1145s obs=1122 acc=0.9994m valid=1 active=0 age=0.6s
2026-07-08 09:59:10,11.894,1.140,14.032,16,16,0,0.000,"1005:1, 1074:2, 1077:2, 1084:2, 1087:2, 1094:2, 1097:2, 1124:1, 1127:1, 1230:1",4006.1,2023.2,1,1,6824,34,369841,RTCM1005 age=0.7s,DONE dur=1145s obs=1122 acc=0.9994m valid=1 active=0 age=0.7s
2026-07-08 09:59:11,11.911,1.006,9.938,10,10,0,0.000,"1005:1, 1074:1, 1077:1, 1084:1, 1087:1, 1094:1, 1097:1, 1124:1, 1127:1, 1230:1",3535.0,1386.4,1,1,6834,34,371236,RTCM1005 age=0.8s,DONE dur=1145s obs=1122 acc=0.9994m valid=1 active=0 age=0.8s
2026-07-08 09:59:12,11.929,1.049,12.398,13,13,0,0.000,"1005:1, 1074:1, 1077:1, 1084:1, 1087:1, 1094:1, 1097:1, 1124:2, 1127:2, 1230:2",4368.9,1767.2,1,1,6847,34,373089,RTCM1005 age=0.8s,DONE dur=1145s obs=1122 acc=0.9994m valid=1 active=0 age=0.8s
2026-07-08 09:59:13,11.945,1.003,9.966,10,10,0,0.000,"1005:1, 1074:1, 1077:1, 1084:1, 1087:1, 1094:1, 1097:1, 1124:1, 1127:1, 1230:1",3544.7,1390.2,1,1,6857,34,374484,RTCM1005 age=0.8s,DONE dur=1145s obs=1122 acc=0.9994m valid=1 active=0 age=0.8s
2026-07-08 09:59:14,11.962,1.007,9.929,10,10,0,0.000,"1005:1, 1074:1, 1077:1, 1084:1, 1087:1, 1094:1, 1097:1, 1124:1, 1127:1, 1230:1",3531.7,1385.1,1,1,6867,34,375879,RTCM1005 age=0.8s,DONE dur=1145s obs=1122 acc=0.9994m valid=1 active=0 age=0.8s
2026-07-08 09:59:15,11.982,1.198,9.184,11,11,0,0.000,"1005:2, 1074:1, 1077:1, 1084:1, 1087:1, 1094:1, 1097:1, 1124:1, 1127:1, 1230:1",4229.6,1185.6,1,1,6878,34,377299,RTCM1005 age=0.0s,DONE dur=1145s obs=1122 acc=0.9994m valid=1 active=0 age=0.0s
2026-07-08 09:59:16,12.002,1.193,8.385,10,10,0,0.000,"1005:1, 1074:1, 1077:1, 1084:1, 1087:1, 1094:1, 1097:1, 1124:1, 1127:1, 1230:1",2982.4,1169.6,1,1,6888,34,378694,RTCM1005 age=0.2s,DONE dur=1145s obs=1122 acc=0.9994m valid=1 active=0 age=0.2s
2026-07-08 09:59:17,12.022,1.196,8.358,10,10,0,0.000,"1005:1, 1074:1, 1077:1, 1084:1, 1087:1, 1094:1, 1097:1, 1124:1, 1127:1, 1230:1",3005.6,1198.6,1,1,6898,34,380128,RTCM1005 age=0.4s,DONE dur=1145s obs=1122 acc=0.9994m valid=1 active=0 age=0.4s
2026-07-08 09:59:18,12.039,1.018,9.826,10,10,0,0.000,"1005:1, 1074:1, 1077:1, 1084:1, 1087:1, 1094:1, 1097:1, 1124:1, 1127:1, 1230:1",3533.4,1409.0,1,1,6908,34,381562,RTCM1005 age=0.4s,DONE dur=1145s obs=1122 acc=0.9994m valid=1 active=0 age=0.4s
2026-07-08 09:59:19,12.059,1.182,8.460,10,10,0,0.000,"1005:1, 1074:1, 1077:1, 1084:1, 1087:1, 1094:1, 1097:1, 1124:1, 1127:1, 1230:1",3053.4,1213.2,1,1,6918,34,382996,RTCM1005 age=0.6s,DONE dur=1145s obs=1122 acc=0.9994m valid=1 active=0 age=0.6s
2026-07-08 09:59:21,12.078,1.150,13.907,16,16,0,0.000,"1005:1, 1074:2, 1077:2, 1084:2, 1087:2, 1094:2, 1097:2, 1124:1, 1127:1, 1230:1",4027.1,2073.1,1,1,6934,34,385381,RTCM1005 age=0.8s,DONE dur=1145s obs=1122 acc=0.9994m valid=1 active=0 age=0.8s
2026-07-08 09:59:22,12.094,1.000,9.999,10,10,0,0.000,"1005:1, 1074:1, 1077:1, 1084:1, 1087:1, 1094:1, 1097:1, 1124:1, 1127:1, 1230:1",3595.8,1433.9,1,1,6944,34,386815,RTCM1005 age=0.8s,DONE dur=1145s obs=1122 acc=0.9994m valid=1 active=0 age=0.8s
2026-07-08 09:59:23,12.112,1.043,12.465,13,13,0,0.000,"1005:1, 1074:1, 1077:1, 1084:1, 1087:1, 1094:1, 1097:1, 1124:2, 1127:2, 1230:2",4419.3,1814.1,1,1,6957,34,388707,RTCM1005 age=0.8s,DONE dur=1145s obs=1122 acc=0.9994m valid=1 active=0 age=0.8s
2026-07-08 09:59:24,12.129,1.010,9.901,10,10,0,0.000,"1005:1, 1074:1, 1077:1, 1084:1, 1087:1, 1094:1, 1097:1, 1124:1, 1127:1, 1230:1",3549.6,1419.8,1,1,6967,34,390141,RTCM1005 age=0.8s,DONE dur=1145s obs=1122 acc=0.9994m valid=1 active=0 age=0.8s
2026-07-08 09:59:25,12.145,1.002,9.985,10,10,0,0.000,"1005:1, 1074:1, 1077:1, 1084:1, 1087:1, 1094:1, 1097:1, 1124:1, 1127:1, 1230:1",4602.0,1431.8,1,1,6977,34,391575,RTCM1005 age=0.8s,DONE dur=1145s obs=1122 acc=0.9994m valid=1 active=0 age=0.8s
2026-07-08 09:59:26,12.162,1.005,9.947,10,10,0,0.000,"1005:1, 1074:1, 1077:1, 1084:1, 1087:1, 1094:1, 1097:1, 1124:1, 1127:1, 1230:1",2547.5,1426.4,1,1,6987,34,393009,RTCM1005 age=0.8s,DONE dur=1145s obs=1122 acc=0.9994m valid=1 active=0 age=0.8s
2026-07-08 09:59:27,12.182,1.196,9.196,11,11,0,0.000,"1005:2, 1074:1, 1077:1, 1084:1, 1087:1, 1094:1, 1097:1, 1124:1, 1127:1, 1230:1",4249.4,1187.1,1,1,6998,34,394429,RTCM1005 age=0.0s,DONE dur=1145s obs=1122 acc=0.9994m valid=1 active=0 age=0.0s
2026-07-08 09:59:28,12.202,1.195,8.365,10,10,0,0.000,"1005:1, 1074:1, 1077:1, 1084:1, 1087:1, 1094:1, 1097:1, 1124:1, 1127:1, 1230:1",2966.2,1166.9,1,1,7008,34,395824,RTCM1005 age=0.2s,DONE dur=1145s obs=1122 acc=0.9994m valid=1 active=0 age=0.2s
2026-07-08 09:59:29,12.222,1.201,8.330,10,10,0,0.000,"1005:1, 1074:1, 1077:1, 1084:1, 1087:1, 1094:1, 1097:1, 1124:1, 1127:1, 1230:1",2952.0,1162.0,1,1,7018,34,397219,RTCM1005 age=0.4s,DONE dur=1145s obs=1122 acc=0.9994m valid=1 active=0 age=0.4s
2026-07-08 09:59:30,12.239,1.003,9.971,10,10,0,0.000,"1005:1, 1074:1, 1077:1, 1084:1, 1087:1, 1094:1, 1097:1, 1124:1, 1127:1, 1230:1",3535.9,1391.0,1,1,7028,34,398614,RTCM1005 age=0.4s,DONE dur=1145s obs=1122 acc=0.9994m valid=1 active=0 age=0.4s
2026-07-08 09:59:31,12.258,1.193,8.385,10,10,0,0.000,"1005:1, 1074:1, 1077:1, 1084:1, 1087:1, 1094:1, 1097:1, 1124:1, 1127:1, 1230:1",2973.5,1169.8,1,1,7038,34,400009,RTCM1005 age=0.6s,DONE dur=1145s obs=1122 acc=0.9994m valid=1 active=0 age=0.6s
2026-07-08 09:59:32,12.275,1.006,9.941,10,10,0,0.000,"1005:1, 1074:1, 1077:1, 1084:1, 1087:1, 1094:1, 1097:1, 1124:1, 1127:1, 1230:1",3538.0,1386.8,1,1,7048,34,401404,RTCM1005 age=0.6s,DONE dur=1145s obs=1122 acc=0.9994m valid=1 active=0 age=0.6s
2026-07-08 09:59:33,12.292,1.006,9.936,10,10,0,0.000,"1005:1, 1074:1, 1077:1, 1084:1, 1087:1, 1094:1, 1097:1, 1124:1, 1127:1, 1230:1",3536.3,1386.1,1,1,7058,34,402799,RTCM1005 age=0.6s,DONE dur=1145s obs=1122 acc=0.9994m valid=1 active=0 age=0.6s
2026-07-08 09:59:34,12.309,1.004,9.965,10,10,0,0.000,"1005:1, 1074:1, 1077:1, 1084:1, 1087:1, 1094:1, 1097:1, 1124:1, 1127:1, 1230:1",3546.5,1390.1,1,1,7068,34,404194,RTCM1005 age=0.6s,DONE dur=1145s obs=1122 acc=0.9994m valid=1 active=0 age=0.6s
2026-07-08 09:59:36,12.328,1.134,14.104,16,16,0,0.000,"1005:1, 1074:2, 1077:2, 1084:2, 1087:2, 1094:2, 1097:2, 1124:1, 1127:1, 1230:1",4038.2,2033.7,1,1,7084,34,406501,RTCM1005 age=0.7s,DONE dur=1145s obs=1122 acc=0.9994m valid=1 active=0 age=0.7s
2026-07-08 09:59:37,12.344,1.002,9.975,10,10,0,0.000,"1005:1, 1074:1, 1077:1, 1084:1, 1087:1, 1094:1, 1097:1, 1124:1, 1127:1, 1230:1",3548.1,1430.4,1,1,7094,34,407935,RTCM1005 age=0.8s,DONE dur=1145s obs=1122 acc=0.9994m valid=1 active=0 age=0.8s
2026-07-08 09:59:38,12.362,1.047,12.419,13,13,0,0.000,"1005:1, 1074:1, 1077:1, 1084:1, 1087:1, 1094:1, 1097:1, 1124:2, 1127:2, 1230:2",4413.5,1770.2,1,1,7107,34,409788,RTCM1005 age=0.8s,DONE dur=1145s obs=1122 acc=0.9994m valid=1 active=0 age=0.8s
2026-07-08 09:59:39,12.378,1.002,9.981,10,10,0,0.000,"1005:1, 1074:1, 1077:1, 1084:1, 1087:1, 1094:1, 1097:1, 1124:1, 1127:1, 1230:1",4572.3,1431.3,1,1,7117,34,411222,RTCM1005 age=0.8s,DONE dur=1145s obs=1122 acc=0.9994m valid=1 active=0 age=0.8s
2026-07-08 09:59:40,12.395,1.003,3.987,4,5,1,20.000,"1097:1, 1124:1, 1127:1, 1230:1",2563.6,656.9,1,1,7121,35,411881,RTCM1005 age=1.8s,DONE dur=1145s obs=1122 acc=0.9994m valid=1 active=0 age=0.8s
2026-07-08 09:59:41,12.412,1.001,9.989,10,10,0,0.000,"1005:1, 1074:1, 1077:1, 1084:1, 1087:1, 1094:1, 1097:1, 1124:1, 1127:1, 1230:1",3591.9,1393.4,1,1,7131,35,413276,RTCM1005 age=0.8s,DONE dur=1145s obs=1122 acc=0.9994m valid=1 active=0 age=0.8s
2026-07-08 09:59:42,12.432,1.200,9.165,11,11,0,0.000,"1005:2, 1074:1, 1077:1, 1084:1, 1087:1, 1094:1, 1097:1, 1124:1, 1127:1, 1230:1",4210.0,1183.1,1,1,7142,35,414696,RTCM1005 age=0.0s,DONE dur=1145s obs=1122 acc=0.9994m valid=1 active=0 age=0.0s
2026-07-08 09:59:43,12.449,1.005,9.950,10,10,0,0.000,"1005:1, 1074:1, 1077:1, 1084:1, 1087:1, 1094:1, 1097:1, 1124:1, 1127:1, 1230:1",3526.2,1388.0,1,1,7152,35,416091,RTCM1005 age=0.0s,DONE dur=1145s obs=1122 acc=0.9994m valid=1 active=0 age=0.0s
2026-07-08 09:59:44,12.469,1.199,8.343,10,10,0,0.000,"1005:1, 1074:1, 1077:1, 1084:1, 1087:1, 1094:1, 1097:1, 1124:1, 1127:1, 1230:1",2956.9,1163.9,1,1,7162,35,417486,RTCM1005 age=0.2s,DONE dur=1145s obs=1122 acc=0.9994m valid=1 active=0 age=0.2s
2026-07-08 09:59:45,12.485,1.001,9.987,10,10,0,0.000,"1005:1, 1074:1, 1077:1, 1084:1, 1087:1, 1094:1, 1097:1, 1124:1, 1127:1, 1230:1",3565.2,1432.1,1,1,7172,35,418920,RTCM1005 age=0.2s,DONE dur=1145s obs=1122 acc=0.9994m valid=1 active=0 age=0.2s
2026-07-08 09:59:46,12.505,1.198,8.346,10,10,0,0.000,"1005:1, 1074:1, 1077:1, 1084:1, 1087:1, 1094:1, 1097:1, 1124:1, 1127:1, 1230:1",2997.1,1196.8,1,1,7182,35,420354,RTCM1005 age=0.4s,DONE dur=1145s obs=1122 acc=0.9994m valid=1 active=0 age=0.4s
2026-07-08 09:59:47,12.525,1.191,8.399,10,10,0,0.000,"1005:1, 1074:1, 1077:1, 1084:1, 1087:1, 1094:1, 1097:1, 1124:1, 1127:1, 1230:1",3009.4,1204.4,1,1,7192,35,421788,RTCM1005 age=0.6s,DONE dur=1145s obs=1122 acc=0.9994m valid=1 active=0 age=0.6s
2026-07-08 09:59:48,12.542,1.022,9.781,10,10,0,0.000,"1005:1, 1074:1, 1077:1, 1084:1, 1087:1, 1094:1, 1097:1, 1124:1, 1127:1, 1230:1",3491.7,1402.6,1,1,7202,35,423222,RTCM1005 age=0.6s,DONE dur=1145s obs=1122 acc=0.9994m valid=1 active=0 age=0.6s
2026-07-08 09:59:50,12.561,1.131,14.144,16,16,0,0.000,"1005:1, 1074:2, 1077:2, 1084:2, 1087:2, 1094:2, 1097:2, 1124:1, 1127:1, 1230:1",4038.2,2039.5,1,1,7218,35,425529,RTCM1005 age=0.8s,DONE dur=1145s obs=1122 acc=0.9994m valid=1 active=0 age=0.8s
2026-07-08 09:59:51,12.578,1.000,9.996,10,10,0,0.000,"1005:1, 1074:1, 1077:1, 1084:1, 1087:1, 1094:1, 1097:1, 1124:1, 1127:1, 1230:1",3542.6,1394.4,1,1,7228,35,426924,RTCM1005 age=0.7s,DONE dur=1145s obs=1122 acc=0.9994m valid=1 active=0 age=0.7s
2026-07-08 09:59:52,12.595,1.045,12.442,13,13,0,0.000,"1005:1, 1074:1, 1077:1, 1084:1, 1087:1, 1094:1, 1097:1, 1124:2, 1127:2, 1230:2",4359.4,1773.4,1,1,7241,35,428777,RTCM1005 age=0.8s,DONE dur=1145s obs=1122 acc=0.9994m valid=1 active=0 age=0.8s
2026-07-08 09:59:53,12.615,1.200,9.165,11,11,0,0.000,"1005:2, 1074:1, 1077:1, 1084:1, 1087:1, 1094:1, 1097:1, 1124:1, 1127:1, 1230:1",4231.9,1215.7,1,1,7252,35,430236,RTCM1005 age=0.0s,DONE dur=1145s obs=1122 acc=0.9994m valid=1 active=0 age=0.0s
2026-07-08 09:59:54,12.632,1.008,9.923,10,10,0,0.000,"1005:1, 1074:1, 1077:1, 1084:1, 1087:1, 1094:1, 1097:1, 1124:1, 1127:1, 1230:1",3503.7,1384.2,1,1,7262,35,431631,RTCM1005 age=0.0s,DONE dur=1145s obs=1122 acc=0.9994m valid=1 active=0 age=0.0s
2026-07-08 09:59:55,12.652,1.194,8.377,10,10,0,0.000,"1005:1, 1074:1, 1077:1, 1084:1, 1087:1, 1094:1, 1097:1, 1124:1, 1127:1, 1230:1",2968.8,1168.6,1,1,7272,35,433026,RTCM1005 age=0.2s,DONE dur=1145s obs=1122 acc=0.9994m valid=1 active=0 age=0.2s
2026-07-08 09:59:56,12.669,1.014,9.861,10,10,0,0.000,"1005:1, 1074:1, 1077:1, 1084:1, 1087:1, 1094:1, 1097:1, 1124:1, 1127:1, 1230:1",3494.8,1375.6,1,1,7282,35,434421,RTCM1005 age=0.2s,DONE dur=1145s obs=1122 acc=0.9994m valid=1 active=0 age=0.2s
2026-07-08 09:59:57,12.689,1.193,8.383,10,10,0,0.000,"1005:1, 1074:1, 1077:1, 1084:1, 1087:1, 1094:1, 1097:1, 1124:1, 1127:1, 1230:1",2926.4,1135.9,1,1,7292,35,435776,RTCM1005 age=0.4s,DONE dur=1145s obs=1122 acc=0.9994m valid=1 active=0 age=0.4s
2026-07-08 09:59:58,12.705,1.013,9.871,10,10,0,0.000,"1005:1, 1074:1, 1077:1, 1084:1, 1087:1, 1094:1, 1097:1, 1124:1, 1127:1, 1230:1",3458.8,1337.5,1,1,7302,35,437131,RTCM1005 age=0.4s,DONE dur=1145s obs=1122 acc=0.9994m valid=1 active=0 age=0.4s
2026-07-08 09:59:59,12.725,1.183,8.454,10,10,0,0.000,"1005:1, 1074:1, 1077:1, 1084:1, 1087:1, 1094:1, 1097:1, 1124:1, 1127:1, 1230:1",2962.2,1145.5,1,1,7312,35,438486,RTCM1005 age=0.6s,DONE dur=1145s obs=1122 acc=0.9994m valid=1 active=0 age=0.6s
2026-07-08 10:00:00,12.742,1.011,9.890,10,10,0,0.000,"1005:1, 1074:1, 1077:1, 1084:1, 1087:1, 1094:1, 1097:1, 1124:1, 1127:1, 1230:1",3465.4,1340.1,1,1,7322,35,439841,RTCM1005 age=0.6s,DONE dur=1145s obs=1122 acc=0.9994m valid=1 active=0 age=0.6s
2026-07-08 10:00:02,12.761,1.140,14.032,16,16,0,0.000,"1005:1, 1074:2, 1077:2, 1084:2, 1087:2, 1094:2, 1097:2, 1124:1, 1127:1, 1230:1",4017.4,2023.2,1,1,7338,35,442148,RTCM1005 age=0.8s,DONE dur=1145s obs=1122 acc=0.9994m valid=1 active=0 age=0.8s
2026-07-08 10:00:03,12.778,1.045,12.442,13,13,0,0.000,"1005:1, 1074:1, 1077:1, 1084:1, 1087:1, 1094:1, 1097:1, 1124:2, 1127:2, 1230:2",4384.4,1810.8,1,1,7351,35,444040,RTCM1005 age=0.8s,DONE dur=1145s obs=1122 acc=0.9994m valid=1 active=0 age=0.8s
2026-07-08 10:00:04,12.795,1.019,9.812,10,10,0,0.000,"1005:1, 1074:1, 1077:1, 1084:1, 1087:1, 1094:1, 1097:1, 1124:1, 1127:1, 1230:1",3528.6,1407.1,1,1,7361,35,445474,RTCM1005 age=0.8s,DONE dur=1145s obs=1122 acc=0.9994m valid=1 active=0 age=0.8s
2026-07-08 10:00:05,12.815,1.187,9.266,11,11,0,0.000,"1005:2, 1074:1, 1077:1, 1084:1, 1087:1, 1094:1, 1097:1, 1124:1, 1127:1, 1230:1",4333.0,1229.0,1,1,7372,35,446933,RTCM1005 age=0.0s,DONE dur=1145s obs=1122 acc=0.9994m valid=1 active=0 age=0.0s
2026-07-08 10:00:06,12.832,1.008,9.918,10,10,0,0.000,"1005:1, 1074:1, 1077:1, 1084:1, 1087:1, 1094:1, 1097:1, 1124:1, 1127:1, 1230:1",3527.9,1383.6,1,1,7382,35,448328,RTCM1005 age=0.0s,DONE dur=1145s obs=1122 acc=0.9994m valid=1 active=0 age=0.0s
2026-07-08 10:00:07,12.852,1.190,8.406,10,10,0,0.000,"1005:1, 1074:1, 1077:1, 1084:1, 1087:1, 1094:1, 1097:1, 1124:1, 1127:1, 1230:1",3022.7,1205.4,1,1,7392,35,449762,RTCM1005 age=0.2s,DONE dur=1145s obs=1122 acc=0.9994m valid=1 active=0 age=0.2s
2026-07-08 10:00:08,12.869,1.001,9.986,10,10,0,0.000,"1005:1, 1074:1, 1077:1, 1084:1, 1087:1, 1094:1, 1097:1, 1124:1, 1127:1, 1230:1",3539.0,1393.0,1,1,7402,35,451157,RTCM1005 age=0.2s,DONE dur=1145s obs=1122 acc=0.9994m valid=1 active=0 age=0.2s
2026-07-08 10:00:09,12.889,1.200,8.336,10,10,0,0.000,"1005:1, 1074:1, 1077:1, 1084:1, 1087:1, 1094:1, 1097:1, 1124:1, 1127:1, 1230:1",2965.2,1162.9,1,1,7412,35,452552,RTCM1005 age=0.4s,DONE dur=1145s obs=1122 acc=0.9994m valid=1 active=0 age=0.4s
2026-07-08 10:00:10,12.905,1.008,9.916,10,10,0,0.000,"1005:1, 1074:1, 1077:1, 1084:1, 1087:1, 1094:1, 1097:1, 1124:1, 1127:1, 1230:1",3527.2,1383.3,1,1,7422,35,453947,RTCM1005 age=0.4s,DONE dur=1145s obs=1122 acc=0.9994m valid=1 active=0 age=0.4s
2026-07-08 10:00:11,12.922,1.001,9.995,10,10,0,0.000,"1005:1, 1074:1, 1077:1, 1084:1, 1087:1, 1094:1, 1097:1, 1124:1, 1127:1, 1230:1",3542.1,1394.2,1,1,7432,35,455342,RTCM1005 age=0.4s,DONE dur=1145s obs=1122 acc=0.9994m valid=1 active=0 age=0.4s
2026-07-08 10:00:12,12.939,1.012,9.885,10,10,0,0.000,"1005:1, 1074:1, 1077:1, 1084:1, 1087:1, 1094:1, 1097:1, 1124:1, 1127:1, 1230:1",3548.8,1379.0,1,1,7442,35,456737,RTCM1005 age=0.4s,DONE dur=1145s obs=1122 acc=0.9994m valid=1 active=0 age=0.4s
2026-07-08 10:00:13,12.959,1.178,8.487,10,10,0,0.000,"1005:1, 1074:1, 1077:1, 1084:1, 1087:1, 1094:1, 1097:1, 1124:1, 1127:1, 1230:1",3047.0,1184.0,1,1,7452,35,458132,RTCM1005 age=0.6s,DONE dur=1145s obs=1122 acc=0.9994m valid=1 active=0 age=0.6s
2026-07-08 10:00:14,12.975,1.011,9.888,10,10,0,0.000,"1005:1, 1074:1, 1077:1, 1084:1, 1087:1, 1094:1, 1097:1, 1124:1, 1127:1, 1230:1",3544.9,1379.4,1,1,7462,35,459527,RTCM1005 age=0.6s,DONE dur=1145s obs=1122 acc=0.9994m valid=1 active=0 age=0.6s
2026-07-08 10:00:15,12.992,1.009,9.910,10,10,0,0.000,"1005:1, 1074:1, 1077:1, 1084:1, 1087:1, 1094:1, 1097:1, 1124:1, 1127:1, 1230:1",3557.7,1382.4,1,1,7472,35,460922,RTCM1005 age=0.6s,DONE dur=1145s obs=1122 acc=0.9994m valid=1 active=0 age=0.6s
2026-07-08 10:00:17,13.011,1.127,14.199,16,16,0,0.000,"1005:1, 1074:2, 1077:2, 1084:2, 1087:2, 1094:2, 1097:2, 1124:1, 1127:1, 1230:1",4094.6,2047.3,1,1,7488,35,463229,RTCM1005 age=0.7s,DONE dur=1145s obs=1122 acc=0.9994m valid=1 active=0 age=0.7s
2026-07-08 10:00:18,13.028,1.008,9.925,10,10,0,0.000,"1005:1, 1074:1, 1077:1, 1084:1, 1087:1, 1094:1, 1097:1, 1124:1, 1127:1, 1230:1",3576.0,1384.5,1,1,7498,35,464624,RTCM1005 age=0.8s,DONE dur=1145s obs=1122 acc=0.9994m valid=1 active=0 age=0.8s
2026-07-08 10:00:19,13.045,1.004,9.960,10,10,0,0.000,"1005:1, 1074:1, 1077:1, 1084:1, 1087:1, 1094:1, 1097:1, 1124:1, 1127:1, 1230:1",3588.7,1389.4,1,1,7508,35,466019,RTCM1005 age=0.7s,DONE dur=1145s obs=1122 acc=0.9994m valid=1 active=0 age=0.7s
2026-07-08 10:00:20,13.062,1.046,12.432,13,13,0,0.000,"1005:1, 1074:1, 1077:1, 1084:1, 1087:1, 1094:1, 1097:1, 1124:2, 1127:2, 1230:2",4424.7,1772.0,1,1,7521,35,467872,RTCM1005 age=0.8s,DONE dur=1145s obs=1122 acc=0.9994m valid=1 active=0 age=0.8s
2026-07-08 10:00:21,13.082,1.199,9.174,11,11,0,0.000,"1005:2, 1074:1, 1077:1, 1084:1, 1087:1, 1094:1, 1097:1, 1124:1, 1127:1, 1230:1",4334.3,1216.8,1,1,7532,35,469331,RTCM1005 age=0.0s,DONE dur=1145s obs=1122 acc=0.9994m valid=1 active=0 age=0.0s
2026-07-08 10:00:22,13.099,1.005,9.946,10,10,0,0.000,"1005:1, 1074:1, 1077:1, 1084:1, 1087:1, 1094:1, 1097:1, 1124:1, 1127:1, 1230:1",3622.5,1426.3,1,1,7542,35,470765,RTCM1005 age=0.0s,DONE dur=1145s obs=1122 acc=0.9994m valid=1 active=0 age=0.0s
2026-07-08 10:00:23,13.119,1.194,8.377,10,10,0,0.000,"1005:1, 1074:1, 1077:1, 1084:1, 1087:1, 1094:1, 1097:1, 1124:1, 1127:1, 1230:1",3018.3,1168.6,1,1,7552,35,472160,RTCM1005 age=0.2s,DONE dur=1145s obs=1122 acc=0.9994m valid=1 active=0 age=0.2s
2026-07-08 10:00:24,13.135,1.006,9.938,10,10,0,0.000,"1005:1, 1074:1, 1077:1, 1084:1, 1087:1, 1094:1, 1097:1, 1124:1, 1127:1, 1230:1",3567.7,1386.3,1,1,7562,35,473555,RTCM1005 age=0.2s,DONE dur=1145s obs=1122 acc=0.9994m valid=1 active=0 age=0.2s
2026-07-08 10:00:25,13.155,1.192,8.389,10,10,0,0.000,"1005:1, 1074:1, 1077:1, 1084:1, 1087:1, 1094:1, 1097:1, 1124:1, 1127:1, 1230:1",3044.2,1202.9,1,1,7572,35,474989,RTCM1005 age=0.4s,DONE dur=1145s obs=1122 acc=0.9994m valid=1 active=0 age=0.4s
2026-07-08 10:00:26,13.173,1.052,9.506,10,10,0,0.000,"1005:1, 1074:1, 1077:1, 1084:1, 1087:1, 1094:1, 1097:1, 1124:1, 1127:1, 1230:1",3424.2,1325.2,1,1,7582,35,476383,RTCM1005 age=0.4s,DONE dur=1145s obs=1122 acc=0.9994m valid=1 active=0 age=0.4s
2026-07-08 10:00:27,13.193,1.198,8.346,10,10,0,0.000,"1005:1, 1074:1, 1077:1, 1084:1, 1087:1, 1094:1, 1097:1, 1124:1, 1127:1, 1230:1",3072.9,1230.2,1,1,7592,35,477857,RTCM1005 age=0.6s,DONE dur=1145s obs=1122 acc=0.9994m valid=1 active=0 age=0.6s
2026-07-08 10:00:28,13.209,1.004,9.960,10,10,0,0.000,"1005:1, 1074:1, 1077:1, 1084:1, 1087:1, 1094:1, 1097:1, 1124:1, 1127:1, 1230:1",3667.4,1468.1,1,1,7602,35,479331,RTCM1005 age=0.6s,DONE dur=1145s obs=1122 acc=0.9994m valid=1 active=0 age=0.6s
2026-07-08 10:00:30,13.228,1.105,14.485,16,16,0,0.000,"1005:1, 1074:2, 1077:2, 1084:2, 1087:2, 1094:2, 1097:2, 1124:1, 1127:1, 1230:1",4260.4,2231.6,1,1,7618,35,481796,RTCM1005 age=0.7s,DONE dur=1145s obs=1122 acc=0.9994m valid=1 active=0 age=0.7s
2026-07-08 10:00:31,13.246,1.078,12.064,13,13,0,0.000,"1005:1, 1074:1, 1077:1, 1084:1, 1087:1, 1094:1, 1097:1, 1124:2, 1127:2, 1230:2",4367.1,1755.7,1,1,7631,35,483688,RTCM1005 age=0.8s,DONE dur=1145s obs=1122 acc=0.9994m valid=1 active=0 age=0.8s
2026-07-08 10:00:32,13.262,1.001,9.990,10,10,0,0.000,"1005:1, 1074:1, 1077:1, 1084:1, 1087:1, 1094:1, 1097:1, 1124:1, 1127:1, 1230:1",3638.5,1471.6,1,1,7641,35,485161,RTCM1005 age=0.8s,DONE dur=1145s obs=1122 acc=0.9994m valid=1 active=0 age=0.8s
2026-07-08 10:00:33,13.279,1.004,9.956,10,10,0,0.000,"1005:1, 1074:1, 1077:1, 1084:1, 1087:1, 1094:1, 1097:1, 1124:1, 1127:1, 1230:1",3664.8,1466.5,1,1,7651,35,486634,RTCM1005 age=0.8s,DONE dur=1145s obs=1122 acc=0.9994m valid=1 active=0 age=0.8s
2026-07-08 10:00:34,13.296,1.013,9.871,10,10,0,0.000,"1005:1, 1074:1, 1077:1, 1084:1, 1087:1, 1094:1, 1097:1, 1124:1, 1127:1, 1230:1",3633.6,1415.5,1,1,7661,35,488068,RTCM1005 age=0.8s,DONE dur=1145s obs=1122 acc=0.9994m valid=1 active=0 age=0.8s
2026-07-08 10:00:35,13.316,1.184,9.292,11,11,0,0.000,"1005:2, 1074:1, 1077:1, 1084:1, 1087:1, 1094:1, 1097:1, 1124:1, 1127:1, 1230:1",4379.1,1199.5,1,1,7672,35,489488,RTCM1005 age=0.0s,DONE dur=1145s obs=1122 acc=0.9994m valid=1 active=0 age=0.0s
2026-07-08 10:00:36,13.333,1.008,9.920,10,10,0,0.000,"1005:1, 1074:1, 1077:1, 1084:1, 1087:1, 1094:1, 1097:1, 1124:1, 1127:1, 1230:1",3574.0,1383.8,1,1,7682,35,490883,RTCM1005 age=0.0s,DONE dur=1145s obs=1122 acc=0.9994m valid=1 active=0 age=0.0s
2026-07-08 10:00:37,13.353,1.194,8.378,10,10,0,0.000,"1005:1, 1074:1, 1077:1, 1084:1, 1087:1, 1094:1, 1097:1, 1124:1, 1127:1, 1230:1",3007.8,1168.8,1,1,7692,35,492278,RTCM1005 age=0.2s,DONE dur=1145s obs=1122 acc=0.9994m valid=1 active=0 age=0.2s
2026-07-08 10:00:38,13.369,1.004,9.960,10,10,0,0.000,"1005:1, 1074:1, 1077:1, 1084:1, 1087:1, 1094:1, 1097:1, 1124:1, 1127:1, 1230:1",3575.7,1389.4,1,1,7702,35,493673,RTCM1005 age=0.2s,DONE dur=1145s obs=1122 acc=0.9994m valid=1 active=0 age=0.2s
2026-07-08 10:00:39,13.389,1.192,7.548,9,9,0,0.000,"1074:1, 1077:1, 1084:1, 1087:1, 1094:1, 1097:1, 1124:1, 1127:1, 1230:1",3010.7,1148.9,1,1,7711,35,495043,RTCM1005 age=1.4s,DONE dur=1145s obs=1122 acc=0.9994m valid=1 active=0 age=0.4s
2026-07-08 10:00:40,13.406,1.003,7.975,8,9,1,11.111,"1005:1, 1084:1, 1087:1, 1094:1, 1097:1, 1124:1, 1127:1, 1230:1",3578.8,1100.5,1,1,7719,36,496147,RTCM1005 age=0.4s,DONE dur=1145s obs=1122 acc=0.9994m valid=1 active=0 age=0.4s
2026-07-08 10:00:41,13.426,1.199,8.338,10,10,0,0.000,"1005:1, 1074:1, 1077:1, 1084:1, 1087:1, 1094:1, 1097:1, 1124:1, 1127:1, 1230:1",3059.0,1228.9,1,1,7729,36,497621,RTCM1005 age=0.6s,DONE dur=1145s obs=1122 acc=0.9994m valid=1 active=0 age=0.6s
2026-07-08 10:00:42,13.443,1.010,9.901,10,10,0,0.000,"1005:1, 1074:1, 1077:1, 1084:1, 1087:1, 1094:1, 1097:1, 1124:1, 1127:1, 1230:1",3632.7,1459.4,1,1,7739,36,499095,RTCM1005 age=0.6s,DONE dur=1145s obs=1122 acc=0.9994m valid=1 active=0 age=0.6s
2026-07-08 10:00:43,13.459,1.001,9.992,10,10,0,0.000,"1005:1, 1074:1, 1077:1, 1084:1, 1087:1, 1094:1, 1097:1, 1124:1, 1127:1, 1230:1",3627.2,1433.9,1,1,7749,36,500530,RTCM1005 age=0.6s,DONE dur=1145s obs=1122 acc=0.9994m valid=1 active=0 age=0.6s
2026-07-08 10:00:44,13.476,1.012,9.880,10,10,0,0.000,"1005:1, 1074:1, 1077:1, 1084:1, 1087:1, 1094:1, 1097:1, 1124:1, 1127:1, 1230:1",3633.0,1456.4,1,1,7759,36,502004,RTCM1005 age=0.6s,DONE dur=1145s obs=1122 acc=0.9994m valid=1 active=0 age=0.6s
2026-07-08 10:00:46,13.494,1.093,14.636,16,16,0,0.000,"1005:1, 1074:2, 1077:2, 1084:2, 1087:2, 1094:2, 1097:2, 1124:1, 1127:1, 1230:1",4293.0,2254.9,1,1,7775,36,504469,RTCM1005 age=0.7s,DONE dur=1145s obs=1122 acc=0.9994m valid=1 active=0 age=0.7s
2026-07-08 10:00:47,13.511,1.001,9.987,10,10,0,0.000,"1005:1, 1074:1, 1077:1, 1084:1, 1087:1, 1094:1, 1097:1, 1124:1, 1127:1, 1230:1",3664.2,1472.1,1,1,7785,36,505943,RTCM1005 age=0.7s,DONE dur=1145s obs=1122 acc=0.9994m valid=1 active=0 age=0.7s
2026-07-08 10:00:48,13.528,1.003,9.970,10,10,0,0.000,"1005:1, 1074:1, 1077:1, 1084:1, 1087:1, 1094:1, 1097:1, 1124:1, 1127:1, 1230:1",3658.0,1469.6,1,1,7795,36,507417,RTCM1005 age=0.7s,DONE dur=1145s obs=1122 acc=0.9994m valid=1 active=0 age=0.7s
2026-07-08 10:00:49,13.546,1.081,12.021,13,13,0,0.000,"1005:1, 1074:1, 1077:1, 1084:1, 1087:1, 1094:1, 1097:1, 1124:2, 1127:2, 1230:2",4351.5,1786.5,1,1,7808,36,509349,RTCM1005 age=0.8s,DONE dur=1145s obs=1122 acc=0.9994m valid=1 active=0 age=0.8s
2026-07-08 10:00:50,13.563,1.004,9.965,10,10,0,0.000,"1005:1, 1074:1, 1077:1, 1084:1, 1087:1, 1094:1, 1097:1, 1124:1, 1127:1, 1230:1",3669.1,1429.0,1,1,7818,36,510783,RTCM1005 age=0.8s,DONE dur=1145s obs=1122 acc=0.9994m valid=1 active=0 age=0.8s
2026-07-08 10:00:51,13.583,1.199,9.172,11,11,0,0.000,"1005:2, 1074:1, 1077:1, 1084:1, 1087:1, 1094:1, 1097:1, 1124:1, 1127:1, 1230:1",4281.6,1184.0,1,1,7829,36,512203,RTCM1005 age=0.0s,DONE dur=1145s obs=1122 acc=0.9994m valid=1 active=0 age=0.0s
2026-07-08 10:00:52,13.599,1.005,9.947,10,10,0,0.000,"1005:1, 1074:1, 1077:1, 1084:1, 1087:1, 1094:1, 1097:1, 1124:1, 1127:1, 1230:1",3553.2,1387.7,1,1,7839,36,513598,RTCM1005 age=0.0s,DONE dur=1145s obs=1122 acc=0.9994m valid=1 active=0 age=0.0s
2026-07-08 10:00:53,13.619,1.193,8.385,10,10,0,0.000,"1005:1, 1074:1, 1077:1, 1084:1, 1087:1, 1094:1, 1097:1, 1124:1, 1127:1, 1230:1",2995.1,1169.7,1,1,7849,36,514993,RTCM1005 age=0.2s,DONE dur=1145s obs=1122 acc=0.9994m valid=1 active=0 age=0.2s
2026-07-08 10:00:54,13.636,1.011,9.888,10,10,0,0.000,"1005:1, 1074:1, 1077:1, 1084:1, 1087:1, 1094:1, 1097:1, 1124:1, 1127:1, 1230:1",3531.9,1379.3,1,1,7859,36,516388,RTCM1005 age=0.2s,DONE dur=1145s obs=1122 acc=0.9994m valid=1 active=0 age=0.2s
2026-07-08 10:00:55,13.656,1.192,8.392,10,10,0,0.000,"1005:1, 1074:1, 1077:1, 1084:1, 1087:1, 1094:1, 1097:1, 1124:1, 1127:1, 1230:1",2997.5,1170.6,1,1,7869,36,517783,RTCM1005 age=0.4s,DONE dur=1145s obs=1122 acc=0.9994m valid=1 active=0 age=0.4s
2026-07-08 10:00:56,13.673,1.004,9.960,10,10,0,0.000,"1005:1, 1074:1, 1077:1, 1084:1, 1087:1, 1094:1, 1097:1, 1124:1, 1127:1, 1230:1",3557.8,1389.4,1,1,7879,36,519178,RTCM1005 age=0.4s,DONE dur=1145s obs=1122 acc=0.9994m valid=1 active=0 age=0.4s
2026-07-08 10:00:57,13.693,1.200,8.337,10,10,0,0.000,"1005:1, 1074:1, 1077:1, 1084:1, 1087:1, 1094:1, 1097:1, 1124:1, 1127:1, 1230:1",3010.4,1195.5,1,1,7889,36,520612,RTCM1005 age=0.6s,DONE dur=1145s obs=1122 acc=0.9994m valid=1 active=0 age=0.6s
2026-07-08 10:00:58,13.710,1.012,9.878,10,10,0,0.000,"1005:1, 1074:1, 1077:1, 1084:1, 1087:1, 1094:1, 1097:1, 1124:1, 1127:1, 1230:1",3567.1,1416.6,1,1,7899,36,522046,RTCM1005 age=0.6s,DONE dur=1145s obs=1122 acc=0.9994m valid=1 active=0 age=0.6s
2026-07-08 10:01:00,13.728,1.102,14.521,16,16,0,0.000,"1005:1, 1074:2, 1077:2, 1084:2, 1087:2, 1094:2, 1097:2, 1124:1, 1127:1, 1230:1",4213.9,2164.6,1,1,7915,36,524431,RTCM1005 age=0.7s,DONE dur=1145s obs=1122 acc=0.9994m valid=1 active=0 age=0.7s
2026-07-08 10:01:01,13.746,1.076,12.086,13,13,0,0.000,"1005:1, 1074:1, 1077:1, 1084:1, 1087:1, 1094:1, 1097:1, 1124:2, 1127:2, 1230:2",4309.1,1759.0,1,1,7928,36,526323,RTCM1005 age=0.8s,DONE dur=1145s obs=1122 acc=0.9994m valid=1 active=0 age=0.8s
2026-07-08 10:01:02,13.765,1.179,9.331,11,11,0,0.000,"1005:2, 1074:1, 1077:1, 1084:1, 1087:1, 1094:1, 1097:1, 1124:1, 1127:1, 1230:1",4378.0,1237.6,1,1,7939,36,527782,RTCM1005 age=0.0s,DONE dur=1145s obs=1122 acc=0.9994m valid=1 active=0 age=0.0s
2026-07-08 10:01:03,13.782,1.001,9.993,10,10,0,0.000,"1005:1, 1074:1, 1077:1, 1084:1, 1087:1, 1094:1, 1097:1, 1124:1, 1127:1, 1230:1",3582.6,1433.1,1,1,7949,36,529216,RTCM1005 age=0.0s,DONE dur=1145s obs=1122 acc=0.9994m valid=1 active=0 age=0.0s
2026-07-08 10:01:04,13.799,1.009,9.908,10,10,0,0.000,"1005:1, 1074:1, 1077:1, 1084:1, 1087:1, 1094:1, 1097:1, 1124:1, 1127:1, 1230:1",3552.2,1420.9,1,1,7959,36,530650,RTCM1005 age=0.0s,DONE dur=1145s obs=1122 acc=0.9994m valid=1 active=0 age=0.0s
2026-07-08 10:01:05,13.816,1.011,9.894,10,10,0,0.000,"1005:1, 1074:1, 1077:1, 1084:1, 1087:1, 1094:1, 1097:1, 1124:1, 1127:1, 1230:1",3508.4,1380.2,1,1,7969,36,532045,RTCM1005 age=0.0s,DONE dur=1145s obs=1122 acc=0.9994m valid=1 active=0 age=0.0s
2026-07-08 10:01:06,13.836,1.181,8.471,10,10,0,0.000,"1005:1, 1074:1, 1077:1, 1084:1, 1087:1, 1094:1, 1097:1, 1124:1, 1127:1, 1230:1",3003.7,1181.6,1,1,7979,36,533440,RTCM1005 age=0.2s,DONE dur=1145s obs=1122 acc=0.9994m valid=1 active=0 age=0.2s
2026-07-08 10:01:07,13.855,1.190,8.401,10,10,0,0.000,"1005:1, 1074:1, 1077:1, 1084:1, 1087:1, 1094:1, 1097:1, 1124:1, 1127:1, 1230:1",3011.7,1204.7,1,1,7989,36,534874,RTCM1005 age=0.4s,DONE dur=1145s obs=1122 acc=0.9994m valid=1 active=0 age=0.4s
2026-07-08 10:01:08,13.872,1.011,9.890,10,10,0,0.000,"1005:1, 1074:1, 1077:1, 1084:1, 1087:1, 1094:1, 1097:1, 1124:1, 1127:1, 1230:1",3545.7,1418.3,1,1,7999,36,536308,RTCM1005 age=0.4s,DONE dur=1145s obs=1122 acc=0.9994m valid=1 active=0 age=0.4s
2026-07-08 10:01:09,13.889,1.025,9.752,10,10,0,0.000,"1005:1, 1074:1, 1077:1, 1084:1, 1087:1, 1094:1, 1097:1, 1124:1, 1127:1, 1230:1",3508.8,1398.4,1,1,8009,36,537742,RTCM1005 age=0.4s,DONE dur=1145s obs=1122 acc=0.9994m valid=1 active=0 age=0.4s
2026-07-08 10:01:10,13.906,1.006,9.944,10,10,0,0.000,"1005:1, 1074:1, 1077:1, 1084:1, 1087:1, 1094:1, 1097:1, 1124:1, 1127:1, 1230:1",3577.9,1426.0,1,1,8019,36,539176,RTCM1005 age=0.4s,DONE dur=1145s obs=1122 acc=0.9994m valid=1 active=0 age=0.4s
2026-07-08 10:01:11,13.926,1.168,8.560,10,10,0,0.000,"1005:1, 1074:1, 1077:1, 1084:1, 1087:1, 1094:1, 1097:1, 1124:1, 1127:1, 1230:1",3103.0,1261.7,1,1,8029,36,540650,RTCM1005 age=0.6s,DONE dur=1145s obs=1122 acc=0.9994m valid=1 active=0 age=0.6s
2026-07-08 10:01:12,13.942,1.001,9.991,10,10,0,0.000,"1005:1, 1074:1, 1077:1, 1084:1, 1087:1, 1094:1, 1097:1, 1124:1, 1127:1, 1230:1",3621.7,1472.7,1,1,8039,36,542124,RTCM1005 age=0.6s,DONE dur=1145s obs=1122 acc=0.9994m valid=1 active=0 age=0.6s
2026-07-08 10:01:14,13.961,1.144,13.980,16,16,0,0.000,"1005:1, 1074:2, 1077:2, 1084:2, 1087:2, 1094:2, 1097:2, 1124:1, 1127:1, 1230:1",4063.9,2118.9,1,1,8055,36,544549,RTCM1005 age=0.8s,DONE dur=1145s obs=1122 acc=0.9994m valid=1 active=0 age=0.8s
2026-07-08 10:01:15,13.979,1.050,12.382,13,13,0,0.000,"1005:1, 1074:1, 1077:1, 1084:1, 1087:1, 1094:1, 1097:1, 1124:2, 1127:2, 1230:2",4391.9,1802.1,1,1,8068,36,546441,RTCM1005 age=0.8s,DONE dur=1145s obs=1122 acc=0.9994m valid=1 active=0 age=0.8s
2026-07-08 10:01:16,13.996,1.010,9.904,10,10,0,0.000,"1005:1, 1074:1, 1077:1, 1084:1, 1087:1, 1094:1, 1097:1, 1124:1, 1127:1, 1230:1",3550.6,1420.2,1,1,8078,36,547875,RTCM1005 age=0.8s,DONE dur=1145s obs=1122 acc=0.9994m valid=1 active=0 age=0.8s
2026-07-08 10:01:17,14.015,1.184,9.292,11,11,0,0.000,"1005:2, 1074:1, 1077:1, 1084:1, 1087:1, 1094:1, 1097:1, 1124:1, 1127:1, 1230:1",4326.6,1232.4,1,1,8089,36,549334,RTCM1005 age=0.0s,DONE dur=1145s obs=1122 acc=0.9994m valid=1 active=0 age=0.0s
2026-07-08 10:01:18,14.032,1.010,9.898,10,10,0,0.000,"1005:1, 1074:1, 1077:1, 1084:1, 1087:1, 1094:1, 1097:1, 1124:1, 1127:1, 1230:1",3548.5,1419.4,1,1,8099,36,550768,RTCM1005 age=0.0s,DONE dur=1145s obs=1122 acc=0.9994m valid=1 active=0 age=0.0s
2026-07-08 10:01:19,14.052,1.200,8.331,10,10,0,0.000,"1005:1, 1074:1, 1077:1, 1084:1, 1087:1, 1094:1, 1097:1, 1124:1, 1127:1, 1230:1",2986.8,1194.7,1,1,8109,36,552202,RTCM1005 age=0.2s,DONE dur=1145s obs=1122 acc=0.9994m valid=1 active=0 age=0.2s
2026-07-08 10:01:20,14.069,1.006,9.942,10,10,0,0.000,"1005:1, 1074:1, 1077:1, 1084:1, 1087:1, 1094:1, 1097:1, 1124:1, 1127:1, 1230:1",3577.1,1425.7,1,1,8119,36,553636,RTCM1005 age=0.2s,DONE dur=1145s obs=1122 acc=0.9994m valid=1 active=0 age=0.2s
2026-07-08 10:01:21,14.089,1.179,8.484,10,10,0,0.000,"1005:1, 1074:1, 1077:1, 1084:1, 1087:1, 1094:1, 1097:1, 1124:1, 1127:1, 1230:1",3052.7,1216.7,1,1,8129,36,555070,RTCM1005 age=0.4s,DONE dur=1145s obs=1122 acc=0.9994m valid=1 active=0 age=0.4s
2026-07-08 10:01:22,14.105,1.011,9.890,10,10,0,0.000,"1005:1, 1074:1, 1077:1, 1084:1, 1087:1, 1094:1, 1097:1, 1124:1, 1127:1, 1230:1",3558.3,1418.2,1,1,8139,36,556504,RTCM1005 age=0.4s,DONE dur=1145s obs=1122 acc=0.9994m valid=1 active=0 age=0.4s
2026-07-08 10:01:23,14.125,1.196,8.359,10,10,0,0.000,"1005:1, 1074:1, 1077:1, 1084:1, 1087:1, 1094:1, 1097:1, 1124:1, 1127:1, 1230:1",3007.5,1198.7,1,1,8149,36,557938,RTCM1005 age=0.6s,DONE dur=1145s obs=1122 acc=0.9994m valid=1 active=0 age=0.6s
2026-07-08 10:01:24,14.142,1.011,9.896,10,10,0,0.000,"1005:1, 1074:1, 1077:1, 1084:1, 1087:1, 1094:1, 1097:1, 1124:1, 1127:1, 1230:1",3560.5,1419.1,1,1,8159,36,559372,RTCM1005 age=0.6s,DONE dur=1145s obs=1122 acc=0.9994m valid=1 active=0 age=0.6s
2026-07-08 10:01:26,14.161,1.141,14.023,16,16,0,0.000,"1005:1, 1074:2, 1077:2, 1084:2, 1087:2, 1094:2, 1097:2, 1124:1, 1127:1, 1230:1",4051.0,2090.4,1,1,8175,36,561757,RTCM1005 age=0.8s,DONE dur=1145s obs=1122 acc=0.9994m valid=1 active=0 age=0.8s
2026-07-08 10:01:27,14.178,1.003,9.969,10,10,0,0.000,"1005:1, 1074:1, 1077:1, 1084:1, 1087:1, 1094:1, 1097:1, 1124:1, 1127:1, 1230:1",3586.8,1429.5,1,1,8185,36,563191,RTCM1005 age=0.7s,DONE dur=1145s obs=1122 acc=0.9994m valid=1 active=0 age=0.7s
2026-07-08 10:01:28,14.196,1.058,12.293,13,13,0,0.000,"1005:1, 1074:1, 1077:1, 1084:1, 1087:1, 1094:1, 1097:1, 1124:2, 1127:2, 1230:2",4370.6,1789.1,1,1,8198,36,565083,RTCM1005 age=0.8s,DONE dur=1145s obs=1122 acc=0.9994m valid=1 active=0 age=0.8s
2026-07-08 10:01:29,14.215,1.192,9.226,11,11,0,0.000,"1005:2, 1074:1, 1077:1, 1084:1, 1087:1, 1094:1, 1097:1, 1124:1, 1127:1, 1230:1",4317.6,1223.6,1,1,8209,36,566542,RTCM1005 age=0.0s,DONE dur=1145s obs=1122 acc=0.9994m valid=1 active=0 age=0.0s
2026-07-08 10:01:30,14.232,1.010,8.909,9,9,0,0.000,"1074:1, 1077:1, 1084:1, 1087:1, 1094:1, 1097:1, 1124:1, 1127:1, 1230:1",3548.9,1394.8,1,1,8218,36,567951,RTCM1005 age=1.0s,DONE dur=1145s obs=1122 acc=0.9994m valid=1 active=0 age=0.0s
2026-07-08 10:01:31,14.252,1.185,2.531,3,4,1,25.000,"1005:1, 1127:1, 1230:1",3035.7,261.6,1,1,8221,37,568261,RTCM1005 age=0.2s,DONE dur=1145s obs=1122 acc=0.9994m valid=1 active=0 age=0.2s
2026-07-08 10:01:32,14.269,1.008,9.920,10,10,0,0.000,"1005:1, 1074:1, 1077:1, 1084:1, 1087:1, 1094:1, 1097:1, 1124:1, 1127:1, 1230:1",3569.0,1422.5,1,1,8231,37,569695,RTCM1005 age=0.2s,DONE dur=1145s obs=1122 acc=0.9994m valid=1 active=0 age=0.2s
2026-07-08 10:01:33,14.289,1.197,8.352,10,10,0,0.000,"1005:1, 1074:1, 1077:1, 1084:1, 1087:1, 1094:1, 1097:1, 1124:1, 1127:1, 1230:1",2961.7,1165.1,1,1,8241,37,571090,RTCM1005 age=0.4s,DONE dur=1145s obs=1122 acc=0.9994m valid=1 active=0 age=0.4s
2026-07-08 10:01:34,14.306,1.050,9.521,10,10,0,0.000,"1005:1, 1074:1, 1077:1, 1084:1, 1087:1, 1094:1, 1097:1, 1124:1, 1127:1, 1230:1",3401.1,1328.2,1,1,8251,37,572485,RTCM1005 age=0.4s,DONE dur=1145s obs=1122 acc=0.9994m valid=1 active=0 age=0.4s
2026-07-08 10:01:35,14.326,1.156,8.651,10,10,0,0.000,"1005:1, 1074:1, 1077:1, 1084:1, 1087:1, 1094:1, 1097:1, 1124:1, 1127:1, 1230:1",3079.0,1206.8,1,1,8261,37,573880,RTCM1005 age=0.6s,DONE dur=1145s obs=1122 acc=0.9994m valid=1 active=0 age=0.6s
2026-07-08 10:01:36,14.342,1.000,9.997,10,10,0,0.000,"1005:1, 1074:1, 1077:1, 1084:1, 1087:1, 1094:1, 1097:1, 1124:1, 1127:1, 1230:1",3571.1,1394.6,1,1,8271,37,575275,RTCM1005 age=0.6s,DONE dur=1145s obs=1122 acc=0.9994m valid=1 active=0 age=0.6s
2026-07-08 10:01:37,14.359,1.017,9.834,10,10,0,0.000,"1005:1, 1074:1, 1077:1, 1084:1, 1087:1, 1094:1, 1097:1, 1124:1, 1127:1, 1230:1",3512.8,1371.9,1,1,8281,37,576670,RTCM1005 age=0.6s,DONE dur=1145s obs=1122 acc=0.9994m valid=1 active=0 age=0.6s
2026-07-08 10:01:38,14.376,1.010,9.900,10,10,0,0.000,"1005:1, 1074:1, 1077:1, 1084:1, 1087:1, 1094:1, 1097:1, 1124:1, 1127:1, 1230:1",3538.2,1381.0,1,1,8291,37,578065,RTCM1005 age=0.6s,DONE dur=1145s obs=1122 acc=0.9994m valid=1 active=0 age=0.6s
2026-07-08 10:01:40,14.395,1.112,14.385,16,16,0,0.000,"1005:1, 1074:2, 1077:2, 1084:2, 1087:2, 1094:2, 1097:2, 1124:1, 1127:1, 1230:1",4169.0,2144.3,1,1,8307,37,580450,RTCM1005 age=0.7s,DONE dur=1145s obs=1122 acc=0.9994m valid=1 active=0 age=0.7s
2026-07-08 10:01:41,14.411,1.001,9.987,10,10,0,0.000,"1005:1, 1074:1, 1077:1, 1084:1, 1087:1, 1094:1, 1097:1, 1124:1, 1127:1, 1230:1",3608.2,1472.1,1,1,8317,37,581924,RTCM1005 age=0.7s,DONE dur=1145s obs=1122 acc=0.9994m valid=1 active=0 age=0.7s
2026-07-08 10:01:42,14.428,1.004,9.963,10,10,0,0.000,"1005:1, 1074:1, 1077:1, 1084:1, 1087:1, 1094:1, 1097:1, 1124:1, 1127:1, 1230:1",3626.4,1468.5,1,1,8327,37,583398,RTCM1005 age=0.8s,DONE dur=1145s obs=1122 acc=0.9994m valid=1 active=0 age=0.8s
2026-07-08 10:01:43,14.445,1.040,12.497,13,13,0,0.000,"1005:1, 1074:1, 1077:1, 1084:1, 1087:1, 1094:1, 1097:1, 1124:2, 1127:2, 1230:2",4483.7,1857.3,1,1,8340,37,585330,RTCM1005 age=0.8s,DONE dur=1145s obs=1122 acc=0.9994m valid=1 active=0 age=0.8s
2026-07-08 10:01:44,14.462,1.017,9.837,10,10,0,0.000,"1005:1, 1074:1, 1077:1, 1084:1, 1087:1, 1094:1, 1097:1, 1124:1, 1127:1, 1230:1",3580.8,1450.0,1,1,8350,37,586804,RTCM1005 age=0.8s,DONE dur=1145s obs=1122 acc=0.9994m valid=1 active=0 age=0.8s
2026-07-08 10:01:45,14.482,1.196,9.198,11,11,0,0.000,"1005:2, 1074:1, 1077:1, 1084:1, 1087:1, 1094:1, 1097:1, 1124:1, 1127:1, 1230:1",4319.9,1220.1,1,1,8361,37,588263,RTCM1005 age=0.0s,DONE dur=1145s obs=1122 acc=0.9994m valid=1 active=0 age=0.0s
2026-07-08 10:01:46,14.499,1.005,9.951,10,10,0,0.000,"1005:1, 1074:1, 1077:1, 1084:1, 1087:1, 1094:1, 1097:1, 1124:1, 1127:1, 1230:1",3569.4,1427.0,1,1,8371,37,589697,RTCM1005 age=0.0s,DONE dur=1145s obs=1122 acc=0.9994m valid=1 active=0 age=0.0s
2026-07-08 10:01:47,14.516,1.025,9.758,10,10,0,0.000,"1005:1, 1074:1, 1077:1, 1084:1, 1087:1, 1094:1, 1097:1, 1124:1, 1127:1, 1230:1",3512.8,1399.2,1,1,8381,37,591131,RTCM1005 age=0.0s,DONE dur=1145s obs=1122 acc=0.9994m valid=1 active=0 age=0.0s
2026-07-08 10:01:48,14.536,1.172,8.534,10,10,0,0.000,"1005:1, 1074:1, 1077:1, 1084:1, 1087:1, 1094:1, 1097:1, 1124:1, 1127:1, 1230:1",3061.2,1223.8,1,1,8391,37,592565,RTCM1005 age=0.2s,DONE dur=1145s obs=1122 acc=0.9994m valid=1 active=0 age=0.2s
2026-07-08 10:01:49,14.552,1.003,9.970,10,10,0,0.000,"1005:1, 1074:1, 1077:1, 1084:1, 1087:1, 1094:1, 1097:1, 1124:1, 1127:1, 1230:1",3576.1,1429.6,1,1,8401,37,593999,RTCM1005 age=0.2s,DONE dur=1145s obs=1122 acc=0.9994m valid=1 active=0 age=0.2s
2026-07-08 10:01:50,14.569,1.005,8.951,9,9,0,0.000,"1074:1, 1077:1, 1084:1, 1087:1, 1094:1, 1097:1, 1124:1, 1127:1, 1230:1",3567.5,1401.3,1,1,8410,37,595408,RTCM1005 age=1.2s,DONE dur=1145s obs=1122 acc=0.9994m valid=1 active=0 age=0.2s
2026-07-08 10:01:51,14.589,1.186,6.744,8,10,2,20.000,"1005:1, 1084:1, 1087:1, 1094:1, 1097:1, 1124:1, 1127:1, 1230:1",2990.9,930.7,1,1,8418,39,596512,RTCM1005 age=0.4s,DONE dur=1145s obs=1122 acc=0.9994m valid=1 active=0 age=0.4s
2026-07-08 10:01:52,14.606,1.003,9.967,10,10,0,0.000,"1005:1, 1074:1, 1077:1, 1084:1, 1087:1, 1094:1, 1097:1, 1124:1, 1127:1, 1230:1",3534.5,1390.5,1,1,8428,39,597907,RTCM1005 age=0.4s,DONE dur=1145s obs=1122 acc=0.9994m valid=1 active=0 age=0.4s
2026-07-08 10:01:53,14.625,1.196,8.362,10,10,0,0.000,"1005:1, 1074:1, 1077:1, 1084:1, 1087:1, 1094:1, 1097:1, 1124:1, 1127:1, 1230:1",2965.1,1166.5,1,1,8438,39,599302,RTCM1005 age=0.6s,DONE dur=1145s obs=1122 acc=0.9994m valid=1 active=0 age=0.6s
2026-07-08 10:01:54,14.642,1.004,9.957,10,10,0,0.000,"1005:1, 1074:1, 1077:1, 1084:1, 1087:1, 1094:1, 1097:1, 1124:1, 1127:1, 1230:1",3530.6,1388.9,1,1,8448,39,600697,RTCM1005 age=0.6s,DONE dur=1145s obs=1122 acc=0.9994m valid=1 active=0 age=0.6s
2026-07-08 10:01:56,14.661,1.153,13.879,16,16,0,0.000,"1005:1, 1074:2, 1077:2, 1084:2, 1087:2, 1094:2, 1097:2, 1124:1, 1127:1, 1230:1",3997.9,2068.8,1,1,8464,39,603082,RTCM1005 age=0.8s,DONE dur=1145s obs=1122 acc=0.9994m valid=1 active=0 age=0.8s
2026-07-08 10:01:57,14.679,1.043,12.462,13,13,0,0.000,"1005:1, 1074:1, 1077:1, 1084:1, 1087:1, 1094:1, 1097:1, 1124:2, 1127:2, 1230:2",4418.2,1776.3,1,1,8477,39,604935,RTCM1005 age=0.8s,DONE dur=1145s obs=1122 acc=0.9994m valid=1 active=0 age=0.8s
2026-07-08 10:01:58,14.696,1.005,9.951,10,10,0,0.000,"1005:1, 1074:1, 1077:1, 1084:1, 1087:1, 1094:1, 1097:1, 1124:1, 1127:1, 1230:1",3515.6,1388.1,1,1,8487,39,606330,RTCM1005 age=0.8s,DONE dur=1145s obs=1122 acc=0.9994m valid=1 active=0 age=0.8s
2026-07-08 10:01:59,14.712,1.002,9.978,10,10,0,0.000,"1005:1, 1074:1, 1077:1, 1084:1, 1087:1, 1094:1, 1097:1, 1124:1, 1127:1, 1230:1",3546.2,1430.9,1,1,8497,39,607764,RTCM1005 age=0.8s,DONE dur=1145s obs=1122 acc=0.9994m valid=1 active=0 age=0.8s
2026-07-08 10:02:00,14.729,1.008,9.917,10,10,0,0.000,"1005:1, 1074:1, 1077:1, 1084:1, 1087:1, 1094:1, 1097:1, 1124:1, 1127:1, 1230:1",3555.3,1422.1,1,1,8507,39,609198,RTCM1005 age=0.8s,DONE dur=1145s obs=1122 acc=0.9994m valid=1 active=0 age=0.8s
2026-07-08 10:02:01,14.749,1.186,9.279,11,11,0,0.000,"1005:2, 1074:1, 1077:1, 1084:1, 1087:1, 1094:1, 1097:1, 1124:1, 1127:1, 1230:1",4283.4,1197.8,1,1,8518,39,610618,RTCM1005 age=0.0s,DONE dur=1145s obs=1122 acc=0.9994m valid=1 active=0 age=0.0s
2026-07-08 10:02:02,14.769,1.196,8.365,10,10,0,0.000,"1005:1, 1074:1, 1077:1, 1084:1, 1087:1, 1094:1, 1097:1, 1124:1, 1127:1, 1230:1",2966.1,1166.9,1,1,8528,39,612013,RTCM1005 age=0.2s,DONE dur=1145s obs=1122 acc=0.9994m valid=1 active=0 age=0.2s
2026-07-08 10:02:03,14.785,1.003,9.965,10,10,0,0.000,"1005:1, 1074:1, 1077:1, 1084:1, 1087:1, 1094:1, 1097:1, 1124:1, 1127:1, 1230:1",3572.5,1429.0,1,1,8538,39,613447,RTCM1005 age=0.2s,DONE dur=1145s obs=1122 acc=0.9994m valid=1 active=0 age=0.2s
2026-07-08 10:02:04,14.802,1.021,9.794,10,10,0,0.000,"1005:1, 1074:1, 1077:1, 1084:1, 1087:1, 1094:1, 1097:1, 1124:1, 1127:1, 1230:1",3511.0,1404.4,1,1,8548,39,614881,RTCM1005 age=0.2s,DONE dur=1145s obs=1122 acc=0.9994m valid=1 active=0 age=0.2s
2026-07-08 10:02:05,14.820,1.026,9.745,10,10,0,0.000,"1005:1, 1074:1, 1077:1, 1084:1, 1087:1, 1094:1, 1097:1, 1124:1, 1127:1, 1230:1",3545.3,1436.5,1,1,8558,39,616355,RTCM1005 age=0.2s,DONE dur=1145s obs=1122 acc=0.9994m valid=1 active=0 age=0.2s
2026-07-08 10:02:06,14.840,1.196,8.358,10,10,0,0.000,"1005:1, 1074:1, 1077:1, 1084:1, 1087:1, 1094:1, 1097:1, 1124:1, 1127:1, 1230:1",3007.2,1198.5,1,1,8568,39,617789,RTCM1005 age=0.4s,DONE dur=1145s obs=1122 acc=0.9994m valid=1 active=0 age=0.4s
2026-07-08 10:02:07,14.859,1.192,8.388,10,10,0,0.000,"1005:1, 1074:1, 1077:1, 1084:1, 1087:1, 1094:1, 1097:1, 1124:1, 1127:1, 1230:1",3018.1,1202.9,1,1,8578,39,619223,RTCM1005 age=0.6s,DONE dur=1145s obs=1122 acc=0.9994m valid=1 active=0 age=0.6s
2026-07-08 10:02:08,14.876,1.010,9.897,10,10,0,0.000,"1005:1, 1074:1, 1077:1, 1084:1, 1087:1, 1094:1, 1097:1, 1124:1, 1127:1, 1230:1",3522.4,1380.7,1,1,8588,39,620618,RTCM1005 age=0.6s,DONE dur=1145s obs=1122 acc=0.9994m valid=1 active=0 age=0.6s
2026-07-08 10:02:10,14.895,1.100,14.539,16,16,0,0.000,"1005:1, 1074:2, 1077:2, 1084:2, 1087:2, 1094:2, 1097:2, 1124:1, 1127:1, 1230:1",4201.8,2167.2,1,1,8604,39,623003,RTCM1005 age=0.7s,DONE dur=1145s obs=1122 acc=0.9994m valid=1 active=0 age=0.7s
2026-07-08 10:02:11,14.911,1.006,9.945,10,10,0,0.000,"1005:1, 1074:1, 1077:1, 1084:1, 1087:1, 1094:1, 1097:1, 1124:1, 1127:1, 1230:1",3580.2,1426.1,1,1,8614,39,624437,RTCM1005 age=0.7s,DONE dur=1145s obs=1122 acc=0.9994m valid=1 active=0 age=0.7s
2026-07-08 10:02:12,14.929,1.088,11.953,13,13,0,0.000,"1005:1, 1074:1, 1077:1, 1084:1, 1087:1, 1094:1, 1097:1, 1124:2, 1127:2, 1230:2",4251.6,1739.6,1,1,8627,39,626329,RTCM1005 age=0.8s,DONE dur=1145s obs=1122 acc=0.9994m valid=1 active=0 age=0.8s
2026-07-08 10:02:13,14.946,1.005,9.948,10,10,0,0.000,"1005:1, 1074:1, 1077:1, 1084:1, 1087:1, 1094:1, 1097:1, 1124:1, 1127:1, 1230:1",3581.4,1387.8,1,1,8637,39,627724,RTCM1005 age=0.8s,DONE dur=1145s obs=1122 acc=0.9994m valid=1 active=0 age=0.8s
2026-07-08 10:02:14,14.963,1.008,9.925,10,10,0,0.000,"1005:1, 1074:1, 1077:1, 1084:1, 1087:1, 1094:1, 1097:1, 1124:1, 1127:1, 1230:1",3532.4,1384.6,1,1,8647,39,629119,RTCM1005 age=0.8s,DONE dur=1145s obs=1122 acc=0.9994m valid=1 active=0 age=0.8s
2026-07-08 10:02:15,14.983,1.196,9.194,11,11,0,0.000,"1005:2, 1074:1, 1077:1, 1084:1, 1087:1, 1094:1, 1097:1, 1124:1, 1127:1, 1230:1",4251.7,1219.4,1,1,8658,39,630578,RTCM1005 age=0.0s,DONE dur=1145s obs=1122 acc=0.9994m valid=1 active=0 age=0.0s
2026-07-08 10:02:16,15.000,1.007,9.934,10,10,0,0.000,"1005:1, 1074:1, 1077:1, 1084:1, 1087:1, 1094:1, 1097:1, 1124:1, 1127:1, 1230:1",3524.6,1385.8,1,1,8668,39,631973,RTCM1005 age=0.0s,DONE dur=1145s obs=1122 acc=0.9994m valid=1 active=0 age=0.0s
2026-07-08 10:02:17,15.019,1.179,8.481,10,10,0,0.000,"1005:1, 1074:1, 1077:1, 1084:1, 1087:1, 1094:1, 1097:1, 1124:1, 1127:1, 1230:1",3009.1,1183.1,1,1,8678,39,633368,RTCM1005 age=0.2s,DONE dur=1145s obs=1122 acc=0.9994m valid=1 active=0 age=0.2s
2026-07-08 10:02:18,15.036,1.001,9.991,10,10,0,0.000,"1005:1, 1074:1, 1077:1, 1084:1, 1087:1, 1094:1, 1097:1, 1124:1, 1127:1, 1230:1",3546.7,1393.7,1,1,8688,39,634763,RTCM1005 age=0.2s,DONE dur=1145s obs=1122 acc=0.9994m valid=1 active=0 age=0.2s
2026-07-08 10:02:19,15.053,1.008,9.917,10,10,0,0.000,"1005:1, 1074:1, 1077:1, 1084:1, 1087:1, 1094:1, 1097:1, 1124:1, 1127:1, 1230:1",3598.9,1461.8,1,1,8698,39,636237,RTCM1005 age=0.2s,DONE dur=1145s obs=1122 acc=0.9994m valid=1 active=0 age=0.2s
2026-07-08 10:02:20,15.070,1.009,9.909,10,10,0,0.000,"1005:1, 1074:1, 1077:1, 1084:1, 1087:1, 1094:1, 1097:1, 1124:1, 1127:1, 1230:1",3543.5,1421.0,1,1,8708,39,637671,RTCM1005 age=0.2s,DONE dur=1145s obs=1122 acc=0.9994m valid=1 active=0 age=0.2s
2026-07-08 10:02:21,15.089,1.183,7.611,9,9,0,0.000,"1074:1, 1077:1, 1084:1, 1087:1, 1094:1, 1097:1, 1124:1, 1127:1, 1230:1",3067.1,1225.3,1,1,8717,39,639120,RTCM1005 age=1.4s,DONE dur=1145s obs=1122 acc=0.9994m valid=1 active=0 age=0.4s
2026-07-08 10:02:22,15.106,1.009,4.957,5,6,1,16.667,"1005:1, 1097:1, 1124:1, 1127:1, 1230:1",3595.6,678.1,1,1,8722,40,639804,RTCM1005 age=0.4s,DONE dur=1145s obs=1122 acc=0.9994m valid=1 active=0 age=0.4s
2026-07-08 10:02:23,15.126,1.192,8.390,10,10,0,0.000,"1005:1, 1074:1, 1077:1, 1084:1, 1087:1, 1094:1, 1097:1, 1124:1, 1127:1, 1230:1",3044.8,1236.7,1,1,8732,40,641278,RTCM1005 age=0.6s,DONE dur=1145s obs=1122 acc=0.9994m valid=1 active=0 age=0.6s
2026-07-08 10:02:24,15.143,1.012,9.884,10,10,0,0.000,"1005:1, 1074:1, 1077:1, 1084:1, 1087:1, 1094:1, 1097:1, 1124:1, 1127:1, 1230:1",3587.0,1456.9,1,1,8742,40,642752,RTCM1005 age=0.6s,DONE dur=1145s obs=1122 acc=0.9994m valid=1 active=0 age=0.6s
2026-07-08 10:02:26,15.161,1.104,14.490,16,16,0,0.000,"1005:1, 1074:2, 1077:2, 1084:2, 1087:2, 1094:2, 1097:2, 1124:1, 1127:1, 1230:1",4177.5,2159.9,1,1,8758,40,645137,RTCM1005 age=0.7s,DONE dur=1145s obs=1122 acc=0.9994m valid=1 active=0 age=0.7s
2026-07-08 10:02:27,15.178,1.006,9.941,10,10,0,0.000,"1005:1, 1074:1, 1077:1, 1084:1, 1087:1, 1094:1, 1097:1, 1124:1, 1127:1, 1230:1",3567.9,1465.3,1,1,8768,40,646611,RTCM1005 age=0.7s,DONE dur=1145s obs=1122 acc=0.9994m valid=1 active=0 age=0.7s
2026-07-08 10:02:28,15.196,1.084,11.992,13,13,0,0.000,"1005:1, 1074:1, 1077:1, 1084:1, 1087:1, 1094:1, 1097:1, 1124:2, 1127:2, 1230:2",4292.2,1782.2,1,1,8781,40,648543,RTCM1005 age=0.8s,DONE dur=1145s obs=1122 acc=0.9994m valid=1 active=0 age=0.8s
2026-07-08 10:02:29,15.216,1.194,9.214,11,11,0,0.000,"1005:2, 1074:1, 1077:1, 1084:1, 1087:1, 1094:1, 1097:1, 1124:1, 1127:1, 1230:1",4360.7,1255.6,1,1,8792,40,650042,RTCM1005 age=0.0s,DONE dur=1145s obs=1122 acc=0.9994m valid=1 active=0 age=0.0s
2026-07-08 10:02:30,15.233,1.023,9.780,10,10,0,0.000,"1005:1, 1074:1, 1077:1, 1084:1, 1087:1, 1094:1, 1097:1, 1124:1, 1127:1, 1230:1",3547.2,1441.6,1,1,8802,40,651516,RTCM1005 age=0.0s,DONE dur=1145s obs=1122 acc=0.9994m valid=1 active=0 age=0.0s
2026-07-08 10:02:31,15.253,1.176,8.502,10,10,0,0.000,"1005:1, 1074:1, 1077:1, 1084:1, 1087:1, 1094:1, 1097:1, 1124:1, 1127:1, 1230:1",3016.5,1186.0,1,1,8812,40,652911,RTCM1005 age=0.2s,DONE dur=1145s obs=1122 acc=0.9994m valid=1 active=0 age=0.2s
2026-07-08 10:02:32,15.270,1.008,9.917,10,10,0,0.000,"1005:1, 1074:1, 1077:1, 1084:1, 1087:1, 1094:1, 1097:1, 1124:1, 1127:1, 1230:1",3531.5,1383.4,1,1,8822,40,654306,RTCM1005 age=0.2s,DONE dur=1145s obs=1122 acc=0.9994m valid=1 active=0 age=0.2s
2026-07-08 10:02:33,15.289,1.195,8.371,10,10,0,0.000,"1005:1, 1074:1, 1077:1, 1084:1, 1087:1, 1094:1, 1097:1, 1124:1, 1127:1, 1230:1",2981.0,1167.8,1,1,8832,40,655701,RTCM1005 age=0.4s,DONE dur=1145s obs=1122 acc=0.9994m valid=1 active=0 age=0.4s
2026-07-08 10:02:34,15.306,1.010,9.903,10,10,0,0.000,"1005:1, 1074:1, 1077:1, 1084:1, 1087:1, 1094:1, 1097:1, 1124:1, 1127:1, 1230:1",3526.5,1381.5,1,1,8842,40,657096,RTCM1005 age=0.4s,DONE dur=1145s obs=1122 acc=0.9994m valid=1 active=0 age=0.4s
2026-07-08 10:02:35,15.323,1.005,9.951,10,10,0,0.000,"1005:1, 1074:1, 1077:1, 1084:1, 1087:1, 1094:1, 1097:1, 1124:1, 1127:1, 1230:1",3582.2,1426.9,1,1,8852,40,658530,RTCM1005 age=0.4s,DONE dur=1145s obs=1122 acc=0.9994m valid=1 active=0 age=0.4s
2026-07-08 10:02:36,15.343,1.198,8.349,10,10,0,0.000,"1005:1, 1074:1, 1077:1, 1084:1, 1087:1, 1094:1, 1097:1, 1124:1, 1127:1, 1230:1",3012.4,1197.3,1,1,8862,40,659964,RTCM1005 age=0.6s,DONE dur=1145s obs=1122 acc=0.9994m valid=1 active=0 age=0.6s
2026-07-08 10:02:38,15.361,1.108,14.441,16,16,0,0.000,"1005:1, 1074:2, 1077:2, 1084:2, 1087:2, 1094:2, 1097:2, 1124:1, 1127:1, 1230:1",4144.5,2116.5,1,1,8878,40,662309,RTCM1005 age=0.7s,DONE dur=1145s obs=1122 acc=0.9994m valid=1 active=0 age=0.7s
2026-07-08 10:02:39,15.379,1.079,12.047,13,13,0,0.000,"1005:1, 1074:1, 1077:1, 1084:1, 1087:1, 1094:1, 1097:1, 1124:2, 1127:2, 1230:2",4248.1,1716.3,1,1,8891,40,664161,RTCM1005 age=0.8s,DONE dur=1145s obs=1122 acc=0.9994m valid=1 active=0 age=0.8s
2026-07-08 10:02:40,15.396,1.009,9.914,10,10,0,0.000,"1005:1, 1074:1, 1077:1, 1084:1, 1087:1, 1094:1, 1097:1, 1124:1, 1127:1, 1230:1",3571.2,1421.7,1,1,8901,40,665595,RTCM1005 age=0.8s,DONE dur=1145s obs=1122 acc=0.9994m valid=1 active=0 age=0.8s
2026-07-08 10:02:41,15.416,1.165,9.440,11,11,0,0.000,"1005:2, 1074:1, 1077:1, 1084:1, 1087:1, 1094:1, 1097:1, 1124:1, 1127:1, 1230:1",4491.8,1320.8,1,1,8912,40,667134,RTCM1005 age=0.0s,DONE dur=1145s obs=1122 acc=0.9994m valid=1 active=0 age=0.0s
2026-07-08 10:02:42,15.436,1.200,8.332,10,10,0,0.000,"1005:1, 1074:1, 1077:1, 1084:1, 1087:1, 1094:1, 1097:1, 1124:1, 1127:1, 1230:1",3066.1,1261.4,1,1,8922,40,668648,RTCM1005 age=0.2s,DONE dur=1145s obs=1122 acc=0.9994m valid=1 active=0 age=0.2s
2026-07-08 10:02:43,15.452,1.006,9.942,10,10,0,0.000,"1005:1, 1074:1, 1077:1, 1084:1, 1087:1, 1094:1, 1097:1, 1124:1, 1127:1, 1230:1",3645.8,1505.2,1,1,8932,40,670162,RTCM1005 age=0.2s,DONE dur=1145s obs=1122 acc=0.9994m valid=1 active=0 age=0.2s
2026-07-08 10:02:44,15.470,1.040,9.613,10,10,0,0.000,"1005:1, 1074:1, 1077:1, 1084:1, 1087:1, 1094:1, 1097:1, 1124:1, 1127:1, 1230:1",3486.6,1417.0,1,1,8942,40,671636,RTCM1005 age=0.2s,DONE dur=1145s obs=1122 acc=0.9994m valid=1 active=0 age=0.2s
2026-07-08 10:02:45,15.490,1.196,8.363,10,10,0,0.000,"1005:1, 1074:1, 1077:1, 1084:1, 1087:1, 1094:1, 1097:1, 1124:1, 1127:1, 1230:1",3033.3,1232.7,1,1,8952,40,673110,RTCM1005 age=0.4s,DONE dur=1145s obs=1122 acc=0.9994m valid=1 active=0 age=0.4s
2026-07-08 10:02:46,15.509,1.171,8.537,10,10,0,0.000,"1005:1, 1074:1, 1077:1, 1084:1, 1087:1, 1094:1, 1097:1, 1124:1, 1127:1, 1230:1",3096.3,1258.3,1,1,8962,40,674584,RTCM1005 age=0.6s,DONE dur=1145s obs=1122 acc=0.9994m valid=1 active=0 age=0.6s
2026-07-08 10:02:48,15.528,1.135,14.096,16,16,0,0.000,"1005:1, 1074:2, 1077:2, 1084:2, 1087:2, 1094:2, 1097:2, 1124:1, 1127:1, 1230:1",4097.4,2137.3,1,1,8978,40,677010,RTCM1005 age=0.8s,DONE dur=1145s obs=1122 acc=0.9994m valid=1 active=0 age=0.8s
2026-07-08 10:02:49,15.545,1.004,9.964,10,10,0,0.000,"1005:1, 1074:1, 1077:1, 1084:1, 1087:1, 1094:1, 1097:1, 1124:1, 1127:1, 1230:1",3575.0,1468.7,1,1,8988,40,678484,RTCM1005 age=0.7s,DONE dur=1145s obs=1122 acc=0.9994m valid=1 active=0 age=0.7s
2026-07-08 10:02:50,15.562,1.002,9.982,10,10,0,0.000,"1005:1, 1074:1, 1077:1, 1084:1, 1087:1, 1094:1, 1097:1, 1124:1, 1127:1, 1230:1",3620.4,1471.3,1,1,8998,40,679958,RTCM1005 age=0.7s,DONE dur=1145s obs=1122 acc=0.9994m valid=1 active=0 age=0.7s
2026-07-08 10:02:51,15.579,1.050,12.385,13,13,0,0.000,"1005:1, 1074:1, 1077:1, 1084:1, 1087:1, 1094:1, 1097:1, 1124:2, 1127:2, 1230:2",4430.8,1840.5,1,1,9011,40,681890,RTCM1005 age=0.8s,DONE dur=1145s obs=1122 acc=0.9994m valid=1 active=0 age=0.8s
2026-07-08 10:02:52,15.599,1.199,9.173,11,11,0,0.000,"1005:2, 1074:1, 1077:1, 1084:1, 1087:1, 1094:1, 1097:1, 1124:1, 1127:1, 1230:1",4341.2,1250.0,1,1,9022,40,683389,RTCM1005 age=0.0s,DONE dur=1145s obs=1122 acc=0.9994m valid=1 active=0 age=0.0s
2026-07-08 10:02:53,15.619,1.197,8.356,10,10,0,0.000,"1005:1, 1074:1, 1077:1, 1084:1, 1087:1, 1094:1, 1097:1, 1124:1, 1127:1, 1230:1",3030.6,1231.6,1,1,9032,40,684863,RTCM1005 age=0.2s,DONE dur=1145s obs=1122 acc=0.9994m valid=1 active=0 age=0.2s
2026-07-08 10:02:54,15.636,1.007,9.931,10,10,0,0.000,"1005:1, 1074:1, 1077:1, 1084:1, 1087:1, 1094:1, 1097:1, 1124:1, 1127:1, 1230:1",3602.0,1463.8,1,1,9042,40,686337,RTCM1005 age=0.2s,DONE dur=1145s obs=1122 acc=0.9994m valid=1 active=0 age=0.2s
2026-07-08 10:02:55,15.656,1.193,8.386,10,10,0,0.000,"1005:1, 1074:1, 1077:1, 1084:1, 1087:1, 1094:1, 1097:1, 1124:1, 1127:1, 1230:1",3041.5,1236.1,1,1,9052,40,687811,RTCM1005 age=0.4s,DONE dur=1145s obs=1122 acc=0.9994m valid=1 active=0 age=0.4s
2026-07-08 10:02:56,15.673,1.048,9.538,10,10,0,0.000,"1005:1, 1074:1, 1077:1, 1084:1, 1087:1, 1094:1, 1097:1, 1124:1, 1127:1, 1230:1",3409.9,1368.7,1,1,9062,40,689246,RTCM1005 age=0.4s,DONE dur=1145s obs=1122 acc=0.9994m valid=1 active=0 age=0.4s
2026-07-08 10:02:57,15.692,1.156,8.651,10,10,0,0.000,"1005:1, 1074:1, 1077:1, 1084:1, 1087:1, 1094:1, 1097:1, 1124:1, 1127:1, 1230:1",3104.1,1241.5,1,1,9072,40,690681,RTCM1005 age=0.6s,DONE dur=1145s obs=1122 acc=0.9994m valid=1 active=0 age=0.6s
2026-07-08 10:02:58,15.709,1.008,9.920,10,10,0,0.000,"1005:1, 1074:1, 1077:1, 1084:1, 1087:1, 1094:1, 1097:1, 1124:1, 1127:1, 1230:1",3559.3,1423.5,1,1,9082,40,692116,RTCM1005 age=0.6s,DONE dur=1145s obs=1122 acc=0.9994m valid=1 active=0 age=0.6s
2026-07-08 10:02:59,15.726,1.020,9.804,10,10,0,0.000,"1005:1, 1074:1, 1077:1, 1084:1, 1087:1, 1094:1, 1097:1, 1124:1, 1127:1, 1230:1",3507.0,1406.9,1,1,9092,40,693551,RTCM1005 age=0.6s,DONE dur=1145s obs=1122 acc=0.9994m valid=1 active=0 age=0.6s
2026-07-08 10:03:01,15.745,1.121,14.274,16,16,0,0.000,"1005:1, 1074:2, 1077:2, 1084:2, 1087:2, 1094:2, 1097:2, 1124:1, 1127:1, 1230:1",4114.5,2093.8,1,1,9108,40,695898,RTCM1005 age=0.7s,DONE dur=1145s obs=1122 acc=0.9994m valid=1 active=0 age=0.7s
2026-07-08 10:03:02,15.762,1.059,12.275,13,13,0,0.000,"1005:1, 1074:1, 1077:1, 1084:1, 1087:1, 1094:1, 1097:1, 1124:2, 1127:2, 1230:2",4316.9,1749.6,1,1,9121,40,697751,RTCM1005 age=0.8s,DONE dur=1145s obs=1122 acc=0.9994m valid=1 active=0 age=0.8s
2026-07-08 10:03:03,15.782,1.186,9.272,11,11,0,0.000,"1005:2, 1074:1, 1077:1, 1084:1, 1087:1, 1094:1, 1097:1, 1124:1, 1127:1, 1230:1",4321.5,1263.5,1,1,9132,40,699250,RTCM1005 age=0.0s,DONE dur=1145s obs=1122 acc=0.9994m valid=1 active=0 age=0.0s
2026-07-08 10:03:04,15.799,1.009,9.906,10,10,0,0.000,"1005:1, 1074:1, 1077:1, 1084:1, 1087:1, 1094:1, 1097:1, 1124:1, 1127:1, 1230:1",3592.9,1460.1,1,1,9142,40,700724,RTCM1005 age=0.0s,DONE dur=1145s obs=1122 acc=0.9994m valid=1 active=0 age=0.0s
2026-07-08 10:03:05,15.816,1.001,9.986,10,10,0,0.000,"1005:1, 1074:1, 1077:1, 1084:1, 1087:1, 1094:1, 1097:1, 1124:1, 1127:1, 1230:1",3622.0,1472.0,1,1,9152,40,702198,RTCM1005 age=0.0s,DONE dur=1145s obs=1122 acc=0.9994m valid=1 active=0 age=0.0s
2026-07-08 10:03:06,15.832,1.003,9.971,10,10,0,0.000,"1005:1, 1074:1, 1077:1, 1084:1, 1087:1, 1094:1, 1097:1, 1124:1, 1127:1, 1230:1",3616.5,1469.7,1,1,9162,40,703672,RTCM1005 age=0.0s,DONE dur=1145s obs=1122 acc=0.9994m valid=1 active=0 age=0.0s
2026-07-08 10:03:07,15.852,1.187,8.426,10,10,0,0.000,"1005:1, 1074:1, 1077:1, 1084:1, 1087:1, 1094:1, 1097:1, 1124:1, 1127:1, 1230:1",3090.0,1275.8,1,1,9172,40,705186,RTCM1005 age=0.2s,DONE dur=1145s obs=1122 acc=0.9994m valid=1 active=0 age=0.2s
2026-07-08 10:03:08,15.869,1.012,9.881,10,10,0,0.000,"1005:1, 1074:1, 1077:1, 1084:1, 1087:1, 1094:1, 1097:1, 1124:1, 1127:1, 1230:1",3623.2,1495.9,1,1,9182,40,706700,RTCM1005 age=0.2s,DONE dur=1145s obs=1122 acc=0.9994m valid=1 active=0 age=0.2s
2026-07-08 10:03:09,15.889,1.191,8.396,10,10,0,0.000,"1005:1, 1074:1, 1077:1, 1084:1, 1087:1, 1094:1, 1097:1, 1124:1, 1127:1, 1230:1",3078.9,1271.2,1,1,9192,40,708214,RTCM1005 age=0.4s,DONE dur=1145s obs=1122 acc=0.9994m valid=1 active=0 age=0.4s
2026-07-08 10:03:10,15.906,1.004,9.963,10,10,0,0.000,"1005:1, 1074:1, 1077:1, 1084:1, 1087:1, 1094:1, 1097:1, 1124:1, 1127:1, 1230:1",3653.5,1508.4,1,1,9202,40,709728,RTCM1005 age=0.4s,DONE dur=1145s obs=1122 acc=0.9994m valid=1 active=0 age=0.4s
2026-07-08 10:03:11,15.923,1.032,9.691,10,10,0,0.000,"1005:1, 1074:1, 1077:1, 1084:1, 1087:1, 1094:1, 1097:1, 1124:1, 1127:1, 1230:1",3438.3,1351.9,1,1,9212,40,711123,RTCM1005 age=0.4s,DONE dur=1145s obs=1122 acc=0.9994m valid=1 active=0 age=0.4s
2026-07-08 10:03:12,15.940,1.009,8.922,9,9,0,0.000,"1074:1, 1077:1, 1084:1, 1087:1, 1094:1, 1097:1, 1124:1, 1127:1, 1230:1",3517.2,1358.1,1,1,9221,40,712493,RTCM1005 age=1.4s,DONE dur=1145s obs=1122 acc=0.9994m valid=1 active=0 age=0.4s
2026-07-08 10:03:13,15.956,1.002,5.991,6,7,1,14.286,"1005:1, 1094:1, 1097:1, 1124:1, 1127:1, 1230:1",3542.4,811.7,1,1,9227,41,713306,RTCM1005 age=0.4s,DONE dur=1145s obs=1122 acc=0.9994m valid=1 active=0 age=0.4s
2026-07-08 10:03:14,15.976,1.199,8.341,10,10,0,0.000,"1005:1, 1074:1, 1077:1, 1084:1, 1087:1, 1094:1, 1097:1, 1124:1, 1127:1, 1230:1",2959.5,1163.6,1,1,9237,41,714701,RTCM1005 age=0.6s,DONE dur=1145s obs=1122 acc=0.9994m valid=1 active=0 age=0.6s
2026-07-08 10:03:16,15.995,1.110,14.411,16,16,0,0.000,"1005:1, 1074:2, 1077:2, 1084:2, 1087:2, 1094:2, 1097:2, 1124:1, 1127:1, 1230:1",4117.8,2113.8,1,1,9253,41,717048,RTCM1005 age=0.7s,DONE dur=1145s obs=1122 acc=0.9994m valid=1 active=0 age=0.7s
2026-07-08 10:03:17,16.012,1.001,9.994,10,10,0,0.000,"1005:1, 1074:1, 1077:1, 1084:1, 1087:1, 1094:1, 1097:1, 1124:1, 1127:1, 1230:1",3547.8,1433.1,1,1,9263,41,718482,RTCM1005 age=0.7s,DONE dur=1145s obs=1122 acc=0.9994m valid=1 active=0 age=0.7s
2026-07-08 10:03:18,16.030,1.084,11.996,13,13,0,0.000,"1005:1, 1074:1, 1077:1, 1084:1, 1087:1, 1094:1, 1097:1, 1124:2, 1127:2, 1230:2",4256.6,1708.9,1,1,9276,41,720334,RTCM1005 age=0.8s,DONE dur=1145s obs=1122 acc=0.9994m valid=1 active=0 age=0.8s
2026-07-08 10:03:19,16.050,1.192,9.230,11,11,0,0.000,"1005:2, 1074:1, 1077:1, 1084:1, 1087:1, 1094:1, 1097:1, 1124:1, 1127:1, 1230:1",4304.7,1224.3,1,1,9287,41,721793,RTCM1005 age=0.0s,DONE dur=1145s obs=1122 acc=0.9994m valid=1 active=0 age=0.0s
2026-07-08 10:03:20,16.067,1.029,9.719,10,10,0,0.000,"1005:1, 1074:1, 1077:1, 1084:1, 1087:1, 1094:1, 1097:1, 1124:1, 1127:1, 1230:1",3488.2,1393.7,1,1,9297,41,723227,RTCM1005 age=0.0s,DONE dur=1145s obs=1122 acc=0.9994m valid=1 active=0 age=0.0s
2026-07-08 10:03:21,16.086,1.189,8.412,10,10,0,0.000,"1005:1, 1074:1, 1077:1, 1084:1, 1087:1, 1094:1, 1097:1, 1124:1, 1127:1, 1230:1",3052.7,1239.9,1,1,9307,41,724701,RTCM1005 age=0.2s,DONE dur=1145s obs=1122 acc=0.9994m valid=1 active=0 age=0.2s
2026-07-08 10:03:22,16.106,1.188,8.421,10,10,0,0.000,"1005:1, 1074:1, 1077:1, 1084:1, 1087:1, 1094:1, 1097:1, 1124:1, 1127:1, 1230:1",3055.9,1241.2,1,1,9317,41,726175,RTCM1005 age=0.4s,DONE dur=1145s obs=1122 acc=0.9994m valid=1 active=0 age=0.4s
2026-07-08 10:03:23,16.126,1.190,8.407,10,10,0,0.000,"1005:1, 1074:1, 1077:1, 1084:1, 1087:1, 1094:1, 1097:1, 1124:1, 1127:1, 1230:1",3050.7,1239.1,1,1,9327,41,727649,RTCM1005 age=0.6s,DONE dur=1145s obs=1122 acc=0.9994m valid=1 active=0 age=0.6s
2026-07-08 10:03:24,16.143,1.016,9.840,10,10,0,0.000,"1005:1, 1074:1, 1077:1, 1084:1, 1087:1, 1094:1, 1097:1, 1124:1, 1127:1, 1230:1",3569.1,1450.5,1,1,9337,41,729123,RTCM1005 age=0.6s,DONE dur=1145s obs=1122 acc=0.9994m valid=1 active=0 age=0.6s
2026-07-08 10:03:26,16.162,1.114,13.459,15,15,0,0.000,"1005:1, 1074:2, 1077:2, 1084:2, 1087:2, 1094:2, 1097:1, 1124:1, 1127:1, 1230:1",4173.2,2044.9,1,1,9352,41,731402,RTCM1005 age=0.7s,DONE dur=1145s obs=1122 acc=0.9994m valid=1 active=0 age=0.7s
2026-07-08 10:03:27,16.180,1.087,12.878,14,14,0,0.000,"1005:1, 1074:1, 1077:1, 1084:1, 1087:1, 1094:1, 1097:2, 1124:2, 1127:2, 1230:2",4278.4,1948.3,1,1,9366,41,733520,RTCM1005 age=0.8s,DONE dur=1145s obs=1122 acc=0.9994m valid=1 active=0 age=0.8s
2026-07-08 10:03:28,16.200,1.197,9.193,11,11,0,0.000,"1005:2, 1074:1, 1077:1, 1084:1, 1087:1, 1094:1, 1097:1, 1124:1, 1127:1, 1230:1",4350.6,1252.7,1,1,9377,41,735019,RTCM1005 age=0.0s,DONE dur=1145s obs=1122 acc=0.9994m valid=1 active=0 age=0.0s
2026-07-08 10:03:29,16.216,1.008,9.919,10,10,0,0.000,"1005:1, 1074:1, 1077:1, 1084:1, 1087:1, 1094:1, 1097:1, 1124:1, 1127:1, 1230:1",3597.7,1462.1,1,1,9387,41,736493,RTCM1005 age=0.0s,DONE dur=1145s obs=1122 acc=0.9994m valid=1 active=0 age=0.0s
2026-07-08 10:03:30,16.233,1.001,9.991,10,10,0,0.000,"1005:1, 1074:1, 1077:1, 1084:1, 1087:1, 1094:1, 1097:1, 1124:1, 1127:1, 1230:1",3583.6,1432.7,1,1,9397,41,737927,RTCM1005 age=0.0s,DONE dur=1145s obs=1122 acc=0.9994m valid=1 active=0 age=0.0s
2026-07-08 10:03:31,16.253,1.192,8.390,10,10,0,0.000,"1005:1, 1074:1, 1077:1, 1084:1, 1087:1, 1094:1, 1097:1, 1124:1, 1127:1, 1230:1",3009.4,1203.1,1,1,9407,41,739361,RTCM1005 age=0.2s,DONE dur=1145s obs=1122 acc=0.9994m valid=1 active=0 age=0.2s
2026-07-08 10:03:32,16.270,1.016,9.847,10,10,0,0.000,"1005:1, 1074:1, 1077:1, 1084:1, 1087:1, 1094:1, 1097:1, 1124:1, 1127:1, 1230:1",3493.6,1373.6,1,1,9417,41,740756,RTCM1005 age=0.2s,DONE dur=1145s obs=1122 acc=0.9994m valid=1 active=0 age=0.2s
2026-07-08 10:03:33,16.290,1.182,8.460,10,10,0,0.000,"1005:1, 1074:1, 1077:1, 1084:1, 1087:1, 1094:1, 1097:1, 1124:1, 1127:1, 1230:1",3001.6,1180.2,1,1,9427,41,742151,RTCM1005 age=0.4s,DONE dur=1145s obs=1122 acc=0.9994m valid=1 active=0 age=0.4s
2026-07-08 10:03:34,16.307,1.018,8.843,9,9,0,0.000,"1074:1, 1077:1, 1084:1, 1087:1, 1094:1, 1097:1, 1124:1, 1127:1, 1230:1",3485.9,1346.0,1,1,9436,41,743521,RTCM1005 age=1.4s,DONE dur=1145s obs=1122 acc=0.9994m valid=1 active=0 age=0.4s
2026-07-08 10:03:35,16.327,1.195,4.184,5,6,1,16.667,"1005:1, 1097:1, 1124:1, 1127:1, 1230:1",3001.8,559.9,1,1,9441,42,744190,RTCM1005 age=0.6s,DONE dur=1145s obs=1122 acc=0.9994m valid=1 active=0 age=0.6s
2026-07-08 10:03:37,16.343,1.012,9.885,10,10,0,0.000,"1005:1, 1074:1, 1077:1, 1084:1, 1087:1, 1094:1, 1097:1, 1124:1, 1127:1, 1230:1",3545.9,1417.5,1,1,9451,42,745624,RTCM1005 age=0.6s,DONE dur=1145s obs=1122 acc=0.9994m valid=1 active=0 age=0.6s
2026-07-08 10:03:38,16.362,1.090,14.675,16,16,0,0.000,"1005:1, 1074:2, 1077:2, 1084:2, 1087:2, 1094:2, 1097:2, 1124:1, 1127:1, 1230:1",4229.0,2224.1,1,1,9467,42,748049,RTCM1005 age=0.7s,DONE dur=1145s obs=1122 acc=0.9994m valid=1 active=0 age=0.7s
2026-07-08 10:03:39,16.379,1.039,12.511,13,13,0,0.000,"1005:1, 1074:1, 1077:1, 1084:1, 1087:1, 1094:1, 1097:1, 1124:2, 1127:2, 1230:2",4405.6,1820.8,1,1,9480,42,749941,RTCM1005 age=0.8s,DONE dur=1145s obs=1122 acc=0.9994m valid=1 active=0 age=0.8s
2026-07-08 10:03:40,16.396,1.012,9.884,10,10,0,0.000,"1005:1, 1074:1, 1077:1, 1084:1, 1087:1, 1094:1, 1097:1, 1124:1, 1127:1, 1230:1",3552.4,1456.9,1,1,9490,42,751415,RTCM1005 age=0.8s,DONE dur=1145s obs=1122 acc=0.9994m valid=1 active=0 age=0.8s
2026-07-08 10:03:41,16.416,1.197,9.188,11,11,0,0.000,"1005:2, 1074:1, 1077:1, 1084:1, 1087:1, 1094:1, 1097:1, 1124:1, 1127:1, 1230:1",4348.2,1252.0,1,1,9501,42,752914,RTCM1005 age=0.0s,DONE dur=1145s obs=1122 acc=0.9994m valid=1 active=0 age=0.0s
2026-07-08 10:03:42,16.432,1.007,9.927,10,10,0,0.000,"1005:1, 1074:1, 1077:1, 1084:1, 1087:1, 1094:1, 1097:1, 1124:1, 1127:1, 1230:1",3560.9,1423.6,1,1,9511,42,754348,RTCM1005 age=0.0s,DONE dur=1145s obs=1122 acc=0.9994m valid=1 active=0 age=0.0s
2026-07-08 10:03:43,16.452,1.194,8.379,10,10,0,0.000,"1005:1, 1074:1, 1077:1, 1084:1, 1087:1, 1094:1, 1097:1, 1124:1, 1127:1, 1230:1",3045.6,1235.0,1,1,9521,42,755822,RTCM1005 age=0.2s,DONE dur=1145s obs=1122 acc=0.9994m valid=1 active=0 age=0.2s
2026-07-08 10:03:44,16.469,1.018,9.823,10,10,0,0.000,"1005:1, 1074:1, 1077:1, 1084:1, 1087:1, 1094:1, 1097:1, 1124:1, 1127:1, 1230:1",3523.4,1408.6,1,1,9531,42,757256,RTCM1005 age=0.2s,DONE dur=1145s obs=1122 acc=0.9994m valid=1 active=0 age=0.2s
2026-07-08 10:03:45,16.489,1.192,8.390,10,10,0,0.000,"1005:1, 1074:1, 1077:1, 1084:1, 1087:1, 1094:1, 1097:1, 1124:1, 1127:1, 1230:1",3009.4,1203.1,1,1,9541,42,758690,RTCM1005 age=0.4s,DONE dur=1145s obs=1122 acc=0.9994m valid=1 active=0 age=0.4s
2026-07-08 10:03:46,16.506,1.009,9.911,10,10,0,0.000,"1005:1, 1074:1, 1077:1, 1084:1, 1087:1, 1094:1, 1097:1, 1124:1, 1127:1, 1230:1",3555.1,1421.2,1,1,9551,42,760124,RTCM1005 age=0.4s,DONE dur=1145s obs=1122 acc=0.9994m valid=1 active=0 age=0.4s
2026-07-08 10:03:47,16.526,1.184,8.449,10,10,0,0.000,"1005:1, 1074:1, 1077:1, 1084:1, 1087:1, 1094:1, 1097:1, 1124:1, 1127:1, 1230:1",3064.5,1245.4,1,1,9561,42,761598,RTCM1005 age=0.6s,DONE dur=1145s obs=1122 acc=0.9994m valid=1 active=0 age=0.6s
2026-07-08 10:03:48,16.543,1.010,9.902,10,10,0,0.000,"1005:1, 1074:1, 1077:1, 1084:1, 1087:1, 1094:1, 1097:1, 1124:1, 1127:1, 1230:1",3591.6,1459.6,1,1,9571,42,763072,RTCM1005 age=0.6s,DONE dur=1145s obs=1122 acc=0.9994m valid=1 active=0 age=0.6s
2026-07-08 10:03:49,16.559,1.000,9.997,10,10,0,0.000,"1005:1, 1074:1, 1077:1, 1084:1, 1087:1, 1094:1, 1097:1, 1124:1, 1127:1, 1230:1",3625.9,1473.6,1,1,9581,42,764546,RTCM1005 age=0.6s,DONE dur=1145s obs=1122 acc=0.9994m valid=1 active=0 age=0.6s
2026-07-08 10:03:50,16.576,1.009,9.908,10,10,0,0.000,"1005:1, 1074:1, 1077:1, 1084:1, 1087:1, 1094:1, 1097:1, 1124:1, 1127:1, 1230:1",3593.7,1460.5,1,1,9591,42,766020,RTCM1005 age=0.6s,DONE dur=1145s obs=1122 acc=0.9994m valid=1 active=0 age=0.6s
2026-07-08 10:03:52,16.595,1.131,14.153,16,16,0,0.000,"1005:1, 1074:2, 1077:2, 1084:2, 1087:2, 1094:2, 1097:2, 1124:1, 1127:1, 1230:1",4078.7,2109.7,1,1,9607,42,768405,RTCM1005 age=0.7s,DONE dur=1145s obs=1122 acc=0.9994m valid=1 active=0 age=0.7s
2026-07-08 10:03:53,16.612,1.001,9.990,10,10,0,0.000,"1005:1, 1074:1, 1077:1, 1084:1, 1087:1, 1094:1, 1097:1, 1124:1, 1127:1, 1230:1",3583.5,1432.6,1,1,9617,42,769839,RTCM1005 age=0.7s,DONE dur=1145s obs=1122 acc=0.9994m valid=1 active=0 age=0.7s
2026-07-08 10:03:54,16.629,1.053,12.350,13,13,0,0.000,"1005:1, 1074:1, 1077:1, 1084:1, 1087:1, 1094:1, 1097:1, 1124:2, 1127:2, 1230:2",4406.9,1760.3,1,1,9630,42,771692,RTCM1005 age=0.8s,DONE dur=1145s obs=1122 acc=0.9994m valid=1 active=0 age=0.8s
2026-07-08 10:03:55,16.649,1.186,9.277,11,11,0,0.000,"1005:2, 1074:1, 1077:1, 1084:1, 1087:1, 1094:1, 1097:1, 1124:1, 1127:1, 1230:1",4260.7,1197.6,1,1,9641,42,773112,RTCM1005 age=0.0s,DONE dur=1145s obs=1122 acc=0.9994m valid=1 active=0 age=0.0s
2026-07-08 10:03:56,16.666,1.016,9.840,10,10,0,0.000,"1005:1, 1074:1, 1077:1, 1084:1, 1087:1, 1094:1, 1097:1, 1124:1, 1127:1, 1230:1",3493.1,1372.6,1,1,9651,42,774507,RTCM1005 age=0.0s,DONE dur=1145s obs=1122 acc=0.9994m valid=1 active=0 age=0.0s
2026-07-08 10:03:57,16.686,1.197,8.356,10,10,0,0.000,"1005:1, 1074:1, 1077:1, 1084:1, 1087:1, 1094:1, 1097:1, 1124:1, 1127:1, 1230:1",2999.8,1199.1,1,1,9661,42,775942,RTCM1005 age=0.2s,DONE dur=1145s obs=1122 acc=0.9994m valid=1 active=0 age=0.2s
2026-07-08 10:03:58,16.703,1.015,9.852,10,10,0,0.000,"1005:1, 1074:1, 1077:1, 1084:1, 1087:1, 1094:1, 1097:1, 1124:1, 1127:1, 1230:1",3538.9,1413.8,1,1,9671,42,777377,RTCM1005 age=0.2s,DONE dur=1145s obs=1122 acc=0.9994m valid=1 active=0 age=0.2s
2026-07-08 10:03:59,16.722,1.185,8.441,10,10,0,0.000,"1005:1, 1074:1, 1077:1, 1084:1, 1087:1, 1094:1, 1097:1, 1124:1, 1127:1, 1230:1",3032.0,1211.3,1,1,9681,42,778812,RTCM1005 age=0.4s,DONE dur=1145s obs=1122 acc=0.9994m valid=1 active=0 age=0.4s
2026-07-08 10:04:00,16.739,1.023,9.776,10,10,0,0.000,"1005:1, 1074:1, 1077:1, 1084:1, 1087:1, 1094:1, 1097:1, 1124:1, 1127:1, 1230:1",3511.6,1402.9,1,1,9691,42,780247,RTCM1005 age=0.4s,DONE dur=1145s obs=1122 acc=0.9994m valid=1 active=0 age=0.4s
2026-07-08 10:04:01,16.759,1.185,7.596,9,9,0,0.000,"1074:1, 1077:1, 1084:1, 1087:1, 1094:1, 1097:1, 1124:1, 1127:1, 1230:1",3031.5,1190.0,1,1,9700,42,781657,RTCM1005 age=1.6s,DONE dur=1145s obs=1122 acc=0.9994m valid=1 active=0 age=0.6s
2026-07-08 10:04:02,16.776,1.009,4.955,5,6,1,16.667,"1005:1, 1097:1, 1124:1, 1127:1, 1230:1",3584.4,726.4,1,1,9705,43,782390,RTCM1005 age=0.6s,DONE dur=1145s obs=1122 acc=0.9994m valid=1 active=0 age=0.6s
2026-07-08 10:04:04,16.795,1.131,7.956,9,11,2,18.182,"1074:1, 1077:1, 1084:1, 1087:1, 1094:1, 1097:1, 1124:1, 1127:1, 1230:1",4102.5,1280.0,1,1,9714,45,783838,RTCM1005 age=1.7s,DONE dur=1145s obs=1122 acc=0.9994m valid=1 active=0 age=0.8s
2026-07-08 10:04:05,16.812,1.002,9.985,10,10,0,0.000,"1005:1, 1074:1, 1077:1, 1084:1, 1087:1, 1094:1, 1097:1, 1124:1, 1127:1, 1230:1",3571.6,1430.8,1,1,9724,45,785271,RTCM1005 age=0.7s,DONE dur=1145s obs=1122 acc=0.9994m valid=1 active=0 age=0.7s
2026-07-08 10:04:06,16.828,1.006,9.944,10,10,0,0.000,"1005:1, 1074:1, 1077:1, 1084:1, 1087:1, 1094:1, 1097:1, 1124:1, 1127:1, 1230:1",3556.8,1424.9,1,1,9734,45,786704,RTCM1005 age=0.8s,DONE dur=1145s obs=1122 acc=0.9994m valid=1 active=0 age=0.8s
2026-07-08 10:04:07,16.846,1.042,12.471,13,13,0,0.000,"1005:1, 1074:1, 1077:1, 1084:1, 1087:1, 1094:1, 1097:1, 1124:2, 1127:2, 1230:2",4413.8,1814.0,1,1,9747,45,788595,RTCM1005 age=0.8s,DONE dur=1145s obs=1122 acc=0.9994m valid=1 active=0 age=0.8s
2026-07-08 10:04:08,16.863,1.011,9.895,10,10,0,0.000,"1005:1, 1074:1, 1077:1, 1084:1, 1087:1, 1094:1, 1097:1, 1124:1, 1127:1, 1230:1",3539.5,1418.0,1,1,9757,45,790028,RTCM1005 age=0.8s,DONE dur=1145s obs=1122 acc=0.9994m valid=1 active=0 age=0.8s
2026-07-08 10:04:09,16.882,1.193,9.222,11,11,0,0.000,"1005:2, 1074:1, 1077:1, 1084:1, 1087:1, 1094:1, 1097:1, 1124:1, 1127:1, 1230:1",4314.3,1255.9,1,1,9768,45,791526,RTCM1005 age=0.0s,DONE dur=1145s obs=1122 acc=0.9994m valid=1 active=0 age=0.0s
2026-07-08 10:04:10,16.899,1.007,9.934,10,10,0,0.000,"1005:1, 1074:1, 1077:1, 1084:1, 1087:1, 1094:1, 1097:1, 1124:1, 1127:1, 1230:1",3571.1,1463.2,1,1,9778,45,792999,RTCM1005 age=0.0s,DONE dur=1145s obs=1122 acc=0.9994m valid=1 active=0 age=0.0s
2026-07-08 10:04:11,16.919,1.190,8.403,10,10,0,0.000,"1005:1, 1074:1, 1077:1, 1084:1, 1087:1, 1094:1, 1097:1, 1124:1, 1127:1, 1230:1",3033.5,1237.8,1,1,9788,45,794472,RTCM1005 age=0.2s,DONE dur=1145s obs=1122 acc=0.9994m valid=1 active=0 age=0.2s
2026-07-08 10:04:12,16.936,1.014,9.866,10,10,0,0.000,"1005:1, 1074:1, 1077:1, 1084:1, 1087:1, 1094:1, 1097:1, 1124:1, 1127:1, 1230:1",3524.1,1415.8,1,1,9798,45,795907,RTCM1005 age=0.2s,DONE dur=1145s obs=1122 acc=0.9994m valid=1 active=0 age=0.2s
2026-07-08 10:04:13,16.956,1.193,8.380,10,10,0,0.000,"1005:1, 1074:1, 1077:1, 1084:1, 1087:1, 1094:1, 1097:1, 1124:1, 1127:1, 1230:1",2993.2,1202.5,1,1,9808,45,797342,RTCM1005 age=0.4s,DONE dur=1145s obs=1122 acc=0.9994m valid=1 active=0 age=0.4s
2026-07-08 10:04:14,16.973,1.008,9.924,10,10,0,0.000,"1005:1, 1074:1, 1077:1, 1084:1, 1087:1, 1094:1, 1097:1, 1124:1, 1127:1, 1230:1",3546.9,1424.1,1,1,9818,45,798777,RTCM1005 age=0.4s,DONE dur=1145s obs=1122 acc=0.9994m valid=1 active=0 age=0.4s
2026-07-08 10:04:15,16.989,1.002,9.982,10,10,0,0.000,"1005:1, 1074:1, 1077:1, 1084:1, 1087:1, 1094:1, 1097:1, 1124:1, 1127:1, 1230:1",3578.5,1432.4,1,1,9828,45,800212,RTCM1005 age=0.4s,DONE dur=1145s obs=1122 acc=0.9994m valid=1 active=0 age=0.4s
2026-07-08 10:04:16,17.006,1.008,9.920,10,10,0,0.000,"1005:1, 1074:1, 1077:1, 1084:1, 1087:1, 1094:1, 1097:1, 1124:1, 1127:1, 1230:1",3556.2,1423.5,1,1,9838,45,801647,RTCM1005 age=0.4s,DONE dur=1145s obs=1122 acc=0.9994m valid=1 active=0 age=0.4s
2026-07-08 10:04:17,17.026,1.189,8.411,10,10,0,0.000,"1005:1, 1074:1, 1077:1, 1084:1, 1087:1, 1094:1, 1097:1, 1124:1, 1127:1, 1230:1",3015.2,1206.9,1,1,9848,45,803082,RTCM1005 age=0.6s,DONE dur=1145s obs=1122 acc=0.9994m valid=1 active=0 age=0.6s
2026-07-08 10:04:19,17.045,1.139,14.045,16,16,0,0.000,"1005:1, 1074:2, 1077:2, 1084:2, 1087:2, 1094:2, 1097:2, 1124:1, 1127:1, 1230:1",4045.9,2095.4,1,1,9864,45,805469,RTCM1005 age=0.7s,DONE dur=1145s obs=1122 acc=0.9994m valid=1 active=0 age=0.7s
2026-07-08 10:04:20,17.062,1.005,9.953,10,10,0,0.000,"1005:1, 1074:1, 1077:1, 1084:1, 1087:1, 1094:1, 1097:1, 1124:1, 1127:1, 1230:1",3568.1,1428.2,1,1,9874,45,806904,RTCM1005 age=0.8s,DONE dur=1145s obs=1122 acc=0.9994m valid=1 active=0 age=0.8s
2026-07-08 10:04:21,17.078,1.001,9.986,10,10,0,0.000,"1005:1, 1074:1, 1077:1, 1084:1, 1087:1, 1094:1, 1097:1, 1124:1, 1127:1, 1230:1",3578.1,1393.1,1,1,9884,45,808299,RTCM1005 age=0.7s,DONE dur=1145s obs=1122 acc=0.9994m valid=1 active=0 age=0.7s
2026-07-08 10:04:22,17.096,1.062,12.238,13,13,0,0.000,"1005:1, 1074:1, 1077:1, 1084:1, 1087:1, 1094:1, 1097:1, 1124:2, 1127:2, 1230:2",4299.3,1744.4,1,1,9897,45,810152,RTCM1005 age=0.8s,DONE dur=1145s obs=1122 acc=0.9994m valid=1 active=0 age=0.8s
2026-07-08 10:04:23,17.116,1.184,9.292,11,11,0,0.000,"1005:2, 1074:1, 1077:1, 1084:1, 1087:1, 1094:1, 1097:1, 1124:1, 1127:1, 1230:1",4223.4,1167.4,1,1,9908,45,811534,RTCM1005 age=0.0s,DONE dur=1145s obs=1122 acc=0.9994m valid=1 active=0 age=0.0s
2026-07-08 10:04:24,17.133,1.008,9.922,10,10,0,0.000,"1005:1, 1074:1, 1077:1, 1084:1, 1087:1, 1094:1, 1097:1, 1124:1, 1127:1, 1230:1",3477.8,1346.5,1,1,9918,45,812891,RTCM1005 age=0.0s,DONE dur=1145s obs=1122 acc=0.9994m valid=1 active=0 age=0.0s
2026-07-08 10:04:25,17.152,1.190,8.404,10,10,0,0.000,"1005:1, 1074:1, 1077:1, 1084:1, 1087:1, 1094:1, 1097:1, 1124:1, 1127:1, 1230:1",3038.8,1205.9,1,1,9928,45,814326,RTCM1005 age=0.2s,DONE dur=1145s obs=1122 acc=0.9994m valid=1 active=0 age=0.2s
2026-07-08 10:04:26,17.169,1.008,9.919,10,10,0,0.000,"1005:1, 1074:1, 1077:1, 1084:1, 1087:1, 1094:1, 1097:1, 1124:1, 1127:1, 1230:1",3574.0,1423.4,1,1,9938,45,815761,RTCM1005 age=0.2s,DONE dur=1145s obs=1122 acc=0.9994m valid=1 active=0 age=0.2s
2026-07-08 10:04:27,17.189,1.190,8.407,10,10,0,0.000,"1005:1, 1074:1, 1077:1, 1084:1, 1087:1, 1094:1, 1097:1, 1124:1, 1127:1, 1230:1",3028.9,1206.4,1,1,9948,45,817196,RTCM1005 age=0.4s,DONE dur=1145s obs=1122 acc=0.9994m valid=1 active=0 age=0.4s
2026-07-08 10:04:28,17.206,1.020,9.803,10,10,0,0.000,"1005:1, 1074:1, 1077:1, 1084:1, 1087:1, 1094:1, 1097:1, 1124:1, 1127:1, 1230:1",3532.1,1406.8,1,1,9958,45,818631,RTCM1005 age=0.4s,DONE dur=1145s obs=1122 acc=0.9994m valid=1 active=0 age=0.4s
2026-07-08 10:04:29,17.226,1.188,8.420,10,10,0,0.000,"1005:1, 1074:1, 1077:1, 1084:1, 1087:1, 1094:1, 1097:1, 1124:1, 1127:1, 1230:1",3033.8,1208.3,1,1,9968,45,820066,RTCM1005 age=0.6s,DONE dur=1145s obs=1122 acc=0.9994m valid=1 active=0 age=0.6s
2026-07-08 10:04:30,17.243,1.019,9.809,10,10,0,0.000,"1005:1, 1074:1, 1077:1, 1084:1, 1087:1, 1094:1, 1097:1, 1124:1, 1127:1, 1230:1",3534.2,1407.6,1,1,9978,45,821501,RTCM1005 age=0.6s,DONE dur=1145s obs=1122 acc=0.9994m valid=1 active=0 age=0.6s
2026-07-08 10:04:32,17.262,1.133,14.117,16,16,0,0.000,"1005:1, 1074:2, 1077:2, 1084:2, 1087:2, 1094:2, 1097:2, 1124:1, 1127:1, 1230:1",4117.0,2175.0,1,1,9994,45,823966,RTCM1005 age=0.7s,DONE dur=1145s obs=1122 acc=0.9994m valid=1 active=0 age=0.7s
2026-07-08 10:04:33,17.279,1.040,12.496,13,13,0,0.000,"1005:1, 1074:1, 1077:1, 1084:1, 1087:1, 1094:1, 1097:1, 1124:2, 1127:2, 1230:2",4485.2,1857.1,1,1,10007,45,825898,RTCM1005 age=0.8s,DONE dur=1145s obs=1122 acc=0.9994m valid=1 active=0 age=0.8s
2026-07-08 10:04:34,17.296,1.008,9.920,10,10,0,0.000,"1005:1, 1074:1, 1077:1, 1084:1, 1087:1, 1094:1, 1097:1, 1124:1, 1127:1, 1230:1",3580.2,1462.3,1,1,10017,45,827372,RTCM1005 age=0.8s,DONE dur=1145s obs=1122 acc=0.9994m valid=1 active=0 age=0.8s
2026-07-08 10:04:35,17.316,1.190,9.244,11,11,0,0.000,"1005:2, 1074:1, 1077:1, 1084:1, 1087:1, 1094:1, 1097:1, 1124:1, 1127:1, 1230:1",4344.7,1259.7,1,1,10028,45,828871,RTCM1005 age=0.0s,DONE dur=1145s obs=1122 acc=0.9994m valid=1 active=0 age=0.0s
2026-07-08 10:04:36,17.333,1.011,9.892,10,10,0,0.000,"1005:1, 1074:1, 1077:1, 1084:1, 1087:1, 1094:1, 1097:1, 1124:1, 1127:1, 1230:1",3570.2,1458.1,1,1,10038,45,830345,RTCM1005 age=0.0s,DONE dur=1145s obs=1122 acc=0.9994m valid=1 active=0 age=0.0s
2026-07-08 10:04:37,17.349,1.008,9.919,10,10,0,0.000,"1005:1, 1074:1, 1077:1, 1084:1, 1087:1, 1094:1, 1097:1, 1124:1, 1127:1, 1230:1",3541.2,1423.4,1,1,10048,45,831780,RTCM1005 age=0.0s,DONE dur=1145s obs=1122 acc=0.9994m valid=1 active=0 age=0.0s
2026-07-08 10:04:38,17.369,1.197,8.354,10,10,0,0.000,"1005:1, 1074:1, 1077:1, 1084:1, 1087:1, 1094:1, 1097:1, 1124:1, 1127:1, 1230:1",2984.0,1198.8,1,1,10058,45,833215,RTCM1005 age=0.2s,DONE dur=1145s obs=1122 acc=0.9994m valid=1 active=0 age=0.2s
2026-07-08 10:04:39,17.389,1.193,8.385,10,10,0,0.000,"1005:1, 1074:1, 1077:1, 1084:1, 1087:1, 1094:1, 1097:1, 1124:1, 1127:1, 1230:1",2993.5,1203.3,1,1,10068,45,834650,RTCM1005 age=0.4s,DONE dur=1145s obs=1122 acc=0.9994m valid=1 active=0 age=0.4s
2026-07-08 10:04:40,17.406,1.007,9.933,10,10,0,0.000,"1005:1, 1074:1, 1077:1, 1084:1, 1087:1, 1094:1, 1097:1, 1124:1, 1127:1, 1230:1",3546.0,1425.3,1,1,10078,45,836085,RTCM1005 age=0.4s,DONE dur=1145s obs=1122 acc=0.9994m valid=1 active=0 age=0.4s
2026-07-08 10:04:41,17.426,1.192,8.387,10,10,0,0.000,"1005:1, 1074:1, 1077:1, 1084:1, 1087:1, 1094:1, 1097:1, 1124:1, 1127:1, 1230:1",2962.2,1169.9,1,1,10088,45,837480,RTCM1005 age=0.6s,DONE dur=1145s obs=1122 acc=0.9994m valid=1 active=0 age=0.6s
2026-07-08 10:04:42,17.443,1.009,8.924,9,9,0,0.000,"1074:1, 1077:1, 1084:1, 1087:1, 1094:1, 1097:1, 1124:1, 1127:1, 1230:1",3534.7,1358.4,1,1,10097,45,838850,RTCM1005 age=1.6s,DONE dur=1145s obs=1122 acc=0.9994m valid=1 active=0 age=0.6s
2026-07-08 10:04:44,17.462,1.137,8.794,10,11,1,9.091,"1005:1, 1074:1, 1077:1, 1084:1, 1087:1, 1094:1, 1097:1, 1124:1, 1127:1, 1230:1",4035.6,1226.8,1,1,10107,46,840245,RTCM1005 age=0.7s,DONE dur=1145s obs=1122 acc=0.9994m valid=1 active=0 age=0.7s
2026-07-08 10:04:45,17.478,1.008,9.917,10,10,0,0.000,"1005:1, 1074:1, 1077:1, 1084:1, 1087:1, 1094:1, 1097:1, 1124:1, 1127:1, 1230:1",3535.3,1383.4,1,1,10117,46,841640,RTCM1005 age=0.8s,DONE dur=1145s obs=1122 acc=0.9994m valid=1 active=0 age=0.8s
2026-07-08 10:04:46,17.496,1.060,12.267,13,13,0,0.000,"1005:1, 1074:1, 1077:1, 1084:1, 1087:1, 1094:1, 1097:1, 1124:2, 1127:2, 1230:2",4330.3,1748.5,1,1,10130,46,843493,RTCM1005 age=0.8s,DONE dur=1145s obs=1122 acc=0.9994m valid=1 active=0 age=0.8s
2026-07-08 10:04:47,17.516,1.195,9.206,11,11,0,0.000,"1005:2, 1074:1, 1077:1, 1084:1, 1087:1, 1094:1, 1097:1, 1124:1, 1127:1, 1230:1",4253.0,1188.3,1,1,10141,46,844913,RTCM1005 age=0.0s,DONE dur=1145s obs=1122 acc=0.9994m valid=1 active=0 age=0.0s
2026-07-08 10:04:48,17.533,1.002,9.982,10,10,0,0.000,"1005:1, 1074:1, 1077:1, 1084:1, 1087:1, 1094:1, 1097:1, 1124:1, 1127:1, 1230:1",3558.4,1392.4,1,1,10151,46,846308,RTCM1005 age=0.0s,DONE dur=1145s obs=1122 acc=0.9994m valid=1 active=0 age=0.0s
2026-07-08 10:04:49,17.553,1.191,8.393,10,10,0,0.000,"1005:1, 1074:1, 1077:1, 1084:1, 1087:1, 1094:1, 1097:1, 1124:1, 1127:1, 1230:1",2981.2,1170.8,1,1,10161,46,847703,RTCM1005 age=0.2s,DONE dur=1145s obs=1122 acc=0.9994m valid=1 active=0 age=0.2s
2026-07-08 10:04:50,17.569,1.003,9.966,10,10,0,0.000,"1005:1, 1074:1, 1077:1, 1084:1, 1087:1, 1094:1, 1097:1, 1124:1, 1127:1, 1230:1",3540.0,1390.3,1,1,10171,46,849098,RTCM1005 age=0.2s,DONE dur=1145s obs=1122 acc=0.9994m valid=1 active=0 age=0.2s
2026-07-08 10:04:51,17.586,1.002,9.980,10,10,0,0.000,"1005:1, 1074:1, 1077:1, 1084:1, 1087:1, 1094:1, 1097:1, 1124:1, 1127:1, 1230:1",3542.9,1392.2,1,1,10181,46,850493,RTCM1005 age=0.2s,DONE dur=1145s obs=1122 acc=0.9994m valid=1 active=0 age=0.2s
2026-07-08 10:04:52,17.603,1.001,9.993,10,10,0,0.000,"1005:1, 1074:1, 1077:1, 1084:1, 1087:1, 1094:1, 1097:1, 1124:1, 1127:1, 1230:1",3547.4,1394.0,1,1,10191,46,851888,RTCM1005 age=0.2s,DONE dur=1145s obs=1122 acc=0.9994m valid=1 active=0 age=0.2s
2026-07-08 10:04:53,17.623,1.194,8.374,10,10,0,0.000,"1005:1, 1074:1, 1077:1, 1084:1, 1087:1, 1094:1, 1097:1, 1124:1, 1127:1, 1230:1",3006.4,1201.7,1,1,10201,46,853323,RTCM1005 age=0.4s,DONE dur=1145s obs=1122 acc=0.9994m valid=1 active=0 age=0.4s
2026-07-08 10:04:54,17.639,1.014,8.876,9,9,0,0.000,"1074:1, 1077:1, 1084:1, 1087:1, 1094:1, 1097:1, 1124:1, 1127:1, 1230:1",3540.7,1390.6,1,1,10210,46,854733,RTCM1005 age=1.4s,DONE dur=1145s obs=1122 acc=0.9994m valid=1 active=0 age=0.4s
2026-07-08 10:04:55,17.659,1.183,6.760,8,9,1,11.111,"1005:1, 1084:1, 1087:1, 1094:1, 1097:1, 1124:1, 1127:1, 1230:1",2976.9,899.1,1,1,10218,47,855797,RTCM1005 age=0.6s,DONE dur=1145s obs=1122 acc=0.9994m valid=1 active=0 age=0.6s
2026-07-08 10:04:56,17.676,1.010,9.901,10,10,0,0.000,"1005:1, 1074:1, 1077:1, 1084:1, 1087:1, 1094:1, 1097:1, 1124:1, 1127:1, 1230:1",3455.3,1341.5,1,1,10228,47,857152,RTCM1005 age=0.6s,DONE dur=1145s obs=1122 acc=0.9994m valid=1 active=0 age=0.6s
2026-07-08 10:04:58,17.695,1.141,14.023,16,16,0,0.000,"1005:1, 1074:2, 1077:2, 1084:2, 1087:2, 1094:2, 1097:2, 1124:1, 1127:1, 1230:1",3985.3,1986.9,1,1,10244,47,859419,RTCM1005 age=0.7s,DONE dur=1145s obs=1122 acc=0.9994m valid=1 active=0 age=0.7s
2026-07-08 10:04:59,17.712,1.004,9.958,10,10,0,0.000,"1005:1, 1074:1, 1077:1, 1084:1, 1087:1, 1094:1, 1097:1, 1124:1, 1127:1, 1230:1",3510.1,1349.3,1,1,10254,47,860774,RTCM1005 age=0.7s,DONE dur=1145s obs=1122 acc=0.9994m valid=1 active=0 age=0.7s
2026-07-08 10:05:00,17.729,1.046,12.432,13,13,0,0.000,"1005:1, 1074:1, 1077:1, 1084:1, 1087:1, 1094:1, 1097:1, 1124:2, 1127:2, 1230:2",4350.2,1695.5,1,1,10267,47,862547,RTCM1005 age=0.8s,DONE dur=1145s obs=1122 acc=0.9994m valid=1 active=0 age=0.8s
2026-07-08 10:05:01,17.746,1.014,9.863,10,10,0,0.000,"1005:1, 1074:1, 1077:1, 1084:1, 1087:1, 1094:1, 1097:1, 1124:1, 1127:1, 1230:1",3476.7,1375.9,1,1,10277,47,863942,RTCM1005 age=0.8s,DONE dur=1145s obs=1122 acc=0.9994m valid=1 active=0 age=0.8s
2026-07-08 10:05:02,17.763,1.001,9.986,10,10,0,0.000,"1005:1, 1074:1, 1077:1, 1084:1, 1087:1, 1094:1, 1097:1, 1124:1, 1127:1, 1230:1",3560.0,1393.0,1,1,10287,47,865337,RTCM1005 age=0.8s,DONE dur=1145s obs=1122 acc=0.9994m valid=1 active=0 age=0.8s
2026-07-08 10:05:03,17.780,1.029,9.719,10,10,0,0.000,"1005:1, 1074:1, 1077:1, 1084:1, 1087:1, 1094:1, 1097:1, 1124:1, 1127:1, 1230:1",3450.3,1355.8,1,1,10297,47,866732,RTCM1005 age=0.8s,DONE dur=1145s obs=1122 acc=0.9994m valid=1 active=0 age=0.8s
2026-07-08 10:05:04,17.800,1.199,9.176,11,11,0,0.000,"1005:2, 1074:1, 1077:1, 1084:1, 1087:1, 1094:1, 1097:1, 1124:1, 1127:1, 1230:1",4247.8,1217.9,1,1,10308,47,868192,RTCM1005 age=0.0s,DONE dur=1145s obs=1122 acc=0.9994m valid=1 active=0 age=0.0s
2026-07-08 10:05:05,17.820,1.191,8.399,10,10,0,0.000,"1005:1, 1074:1, 1077:1, 1084:1, 1087:1, 1094:1, 1097:1, 1124:1, 1127:1, 1230:1",3015.3,1205.3,1,1,10318,47,869627,RTCM1005 age=0.2s,DONE dur=1145s obs=1122 acc=0.9994m valid=1 active=0 age=0.2s
2026-07-08 10:05:06,17.837,1.012,9.881,10,10,0,0.000,"1005:1, 1074:1, 1077:1, 1084:1, 1087:1, 1094:1, 1097:1, 1124:1, 1127:1, 1230:1",3547.4,1418.0,1,1,10328,47,871062,RTCM1005 age=0.2s,DONE dur=1145s obs=1122 acc=0.9994m valid=1 active=0 age=0.2s
2026-07-08 10:05:07,17.853,1.001,9.994,10,10,0,0.000,"1005:1, 1074:1, 1077:1, 1084:1, 1087:1, 1094:1, 1097:1, 1124:1, 1127:1, 1230:1",3587.7,1434.1,1,1,10338,47,872497,RTCM1005 age=0.2s,DONE dur=1145s obs=1122 acc=0.9994m valid=1 active=0 age=0.2s
2026-07-08 10:05:08,17.873,1.190,8.404,10,10,0,0.000,"1005:1, 1074:1, 1077:1, 1084:1, 1087:1, 1094:1, 1097:1, 1124:1, 1127:1, 1230:1",3017.0,1206.0,1,1,10348,47,873932,RTCM1005 age=0.4s,DONE dur=1145s obs=1122 acc=0.9994m valid=1 active=0 age=0.4s
2026-07-08 10:05:09,17.893,1.198,8.347,10,10,0,0.000,"1005:1, 1074:1, 1077:1, 1084:1, 1087:1, 1094:1, 1097:1, 1124:1, 1127:1, 1230:1",2963.3,1164.5,1,1,10358,47,875327,RTCM1005 age=0.6s,DONE dur=1145s obs=1122 acc=0.9994m valid=1 active=0 age=0.6s
2026-07-08 10:05:10,17.910,1.008,9.917,10,10,0,0.000,"1005:1, 1074:1, 1077:1, 1084:1, 1087:1, 1094:1, 1097:1, 1124:1, 1127:1, 1230:1",3520.5,1383.4,1,1,10368,47,876722,RTCM1005 age=0.6s,DONE dur=1145s obs=1122 acc=0.9994m valid=1 active=0 age=0.6s
2026-07-08 10:05:12,17.927,1.016,9.841,10,10,0,0.000,"1005:1, 1074:1, 1077:1, 1084:1, 1087:1, 1094:1, 1097:1, 1124:1, 1127:1, 1230:1",3493.6,1372.8,1,1,10378,47,878117,RTCM1005 age=0.6s,DONE dur=1145s obs=1122 acc=0.9994m valid=1 active=0 age=0.6s
2026-07-08 10:05:13,17.945,1.093,14.641,16,16,0,0.000,"1005:1, 1074:2, 1077:2, 1084:2, 1087:2, 1094:2, 1097:2, 1124:1, 1127:1, 1230:1",4173.5,2111.0,1,1,10394,47,880424,RTCM1005 age=0.7s,DONE dur=1145s obs=1122 acc=0.9994m valid=1 active=0 age=0.7s
2026-07-08 10:05:19,18.045,6.013,1.663,10,10,0,0.000,"1005:1, 1074:1, 1077:1, 1084:1, 1087:1, 1094:1, 1097:1, 1124:1, 1127:1, 1230:1",590.4,128.7,0,1,10404,47,881198,RTCM1005 age=5.7s,DONE dur=1145s obs=1122 acc=0.9994m valid=1 active=0 age=5.7s
2026-07-08 10:05:20,18.063,1.081,21.281,23,23,0,0.000,"1005:2, 1074:2, 1077:2, 1084:2, 1087:2, 1094:2, 1097:2, 1124:3, 1127:3, 1230:3",8227.4,0.0,0,1,10427,47,881198,RTCM1005 age=0.8s,DONE dur=1145s obs=1122 acc=0.9994m valid=1 active=0 age=0.8s
2026-07-08 10:05:21,18.080,1.000,9.998,10,10,0,0.000,"1005:1, 1074:1, 1077:1, 1084:1, 1087:1, 1094:1, 1097:1, 1124:1, 1127:1, 1230:1",4575.1,0.0,0,1,10437,47,881198,RTCM1005 age=0.8s,DONE dur=1145s obs=1122 acc=0.9994m valid=1 active=0 age=0.8s
2026-07-08 10:05:22,18.097,1.007,9.931,10,10,0,0.000,"1005:1, 1074:1, 1077:1, 1084:1, 1087:1, 1094:1, 1097:1, 1124:1, 1127:1, 1230:1",2550.3,0.0,0,1,10447,47,881198,RTCM1005 age=0.8s,DONE dur=1145s obs=1122 acc=0.9994m valid=1 active=0 age=0.8s
